{"stats":{"minecraft:dropped":{"minecraft:golden_boots":1,"minecraft:iron_ingot":2,"minecraft:bread":2,"minecraft:stripped_spruce_log":1,"minecraft:wheat_seeds":2,"minecraft:porkchop":1,"minecraft:cooked_beef":4,"irons_spellbooks:legendary_ink":1,"minecraft:crafting_table":1,"weaponmaster:tutorialbook":1,"minecraft:dripstone_block":13,"minecraft:knowledge_book":1,"minecraft:oak_fence":3,"minecraft:feather":3,"minecraft:cobblestone":19,"minecraft:glow_berries":1,"minecraft:granite":7,"minecraft:rail":7,"minecraft:stick":10,"minecraft:emerald":1,"minecraft:dirt":14,"minecraft:cobweb":1,"irons_spellbooks:affinity_ring":1,"gamma_beasts:red_maple_planks":11,"iceandfire:podium_spruce":2,"minecraft:torch":25,"minecraft:wooden_axe":1,"gravestone:obituary":16,"gamma_beasts:red_maple_log":6,"minecraft:pumpkin":1,"minecraft:paper":46,"minecraft:string":4,"minecraft:white_wool":2,"minecraft:fishing_rod":1,"minecraft:stone_brick_slab":2,"minecraft:blue_bed":1,"minecraft:gold_ingot":1,"minecraft:stone_axe":2,"minecraft:sweet_berries":28,"minecraft:sugar_cane":11,"minecraft:cobbled_deepslate":32,"minecraft:iron_nugget":5,"minecraft:pointed_dripstone":4,"irons_spellbooks:uncommon_ink":1,"minecraft:rotten_flesh":59,"iceandfire:dragon_skull_ice":1,"minecraft:salmon":3,"minecraft:carrot":1,"minecraft:suspicious_stew":1,"minecraft:blast_furnace":1,"minecraft:filled_map":4,"minecraft:stone":4,"minecraft:gunpowder":1,"minecraft:spruce_planks":70,"iceandfire:bestiary":3,"iceandfire:frost_lily":1,"minecraft:stone_bricks":6,"minecraft:spider_eye":1,"minecraft:powered_rail":3,"minecraft:wooden_pickaxe":4,"minecraft:stone_brick_stairs":1,"minecraft:egg":6,"iceandfire:manuscript":5,"gamma_beasts:fur":8},"minecraft:killed_by":{"minecraft:vex":1},"minecraft:killed":{"minecraft:spider":5,"enemyexpansion:direwolf":5,"minecraft:skeleton":9,"gamma_beasts:sppinto_a":2,"minecraft:chicken":2,"minecraft:illusioner":1,"minecraft:cat":1,"minecraft:pig":7,"minecraft:salmon":2,"minecraft:rabbit":1,"enemyexpansion:sprinter":1,"irons_spellbooks:necromancer":2,"minecraft:sheep":1,"minecraft:zombie":22,"iceandfire:ghost":2,"enemyexpansion:huntsman":1,"minecraft:cow":5,"enemyexpansion:trollenraged":2},"minecraft:broken":{"minecraft:leather_helmet":1,"minecraft:iron_boots":1,"minecraft:shield":1},"minecraft:used":{"minecraft:chest":1,"minecraft:spruce_planks":51,"minecraft:shield":114,"minecraft:rotten_flesh":1,"minecraft:torch":7,"minecraft:dirt":8,"minecraft:anvil":1,"iceandfire:copper_sword":222,"minecraft:carrot":2,"minecraft:granite":5,"minecraft:wooden_axe":42,"gamma_beasts:red_maple_log":1,"minecraft:rabbit_stew":1,"minecraft:sweet_berries":20,"gamma_beasts:red_maple_planks":1,"minecraft:furnace":7,"minecraft:goat_horn":3,"minecraft:cooked_beef":8,"minecraft:potato":34,"minecraft:cobbled_deepslate":17,"minecraft:pumpkin":1,"minecraft:golden_axe":26,"minecraft:iron_leggings":1,"minecraft:knowledge_book":16,"minecraft:golden_boots":1,"minecraft:cooked_mutton":7,"minecraft:water_bucket":26,"minecraft:stone_pickaxe":71,"minecraft:oak_planks":1,"minecraft:wooden_pickaxe":50,"minecraft:blue_bed":10,"minecraft:glow_berries":7,"gamma_beasts:prehnite_axe":104,"minecraft:crafting_table":14,"minecraft:blast_furnace":1,"gamma_beasts:cooked_meat":2,"minecraft:white_bed":3,"minecraft:spruce_log":1,"iceandfire:silver_pickaxe":69,"minecraft:diamond_pickaxe":56,"minecraft:apple":3,"minecraft:bread":15,"minecraft:iron_pickaxe":170,"minecraft:suspicious_stew":2,"minecraft:spruce_trapdoor":2,"minecraft:stone_axe":1,"minecraft:fishing_rod":15,"minecraft:cobblestone":102,"minecraft:cooked_porkchop":14,"minecraft:porkchop":1,"minecraft:bucket":27},"minecraft:custom":{"minecraft:interact_with_smithing_table":3,"minecraft:interact_with_anvil":3,"minecraft:mob_kills":77,"minecraft:interact_with_crafting_table":70,"minecraft:open_barrel":13,"minecraft:interact_with_campfire":4,"minecraft:damage_dealt_resisted":280,"minecraft:eat_cake_slice":2,"minecraft:leave_game":2,"minecraft:time_since_death":4347,"minecraft:climb_one_cm":305,"minecraft:sprint_one_cm":638580,"minecraft:walk_one_cm":435085,"minecraft:damage_blocked_by_shield":4810,"minecraft:drop":124,"minecraft:talked_to_villager":6,"minecraft:play_time":232116,"minecraft:deaths":20,"minecraft:sneak_time":15584,"minecraft:walk_under_water_one_cm":48771,"minecraft:jump":5544,"minecraft:interact_with_blast_furnace":4,"minecraft:walk_on_water_one_cm":63185,"minecraft:total_world_time":232116,"minecraft:interact_with_furnace":72,"minecraft:interact_with_grindstone":2,"minecraft:sleep_in_bed":18,"minecraft:time_since_rest":4371,"minecraft:open_enderchest":2,"minecraft:damage_taken":9072,"minecraft:trigger_trapped_chest":2,"minecraft:damage_dealt":14453,"minecraft:swim_one_cm":82634,"minecraft:fly_one_cm":1176989,"minecraft:open_chest":25,"minecraft:crouch_one_cm":49396,"minecraft:fall_one_cm":133097},"minecraft:picked_up":{"irons_spellbooks:scroll":3,"minecraft:crafting_table":6,"minecraft:wheat":11,"minecraft:anvil":2,"gamma_beasts:fur":16,"irons_spellbooks:affinity_ring":1,"minecraft:wooden_pickaxe":2,"minecraft:stone_brick_wall":4,"minecraft:enchanted_book":2,"minecraft:knowledge_book":2,"minecraft:stone_brick_stairs":2,"gravestone:obituary":8,"minecraft:shield":1,"minecraft:string":12,"iceandfire:bestiary":4,"minecraft:cobbled_deepslate":135,"minecraft:spruce_planks":90,"iceandfire:frost_lily":1,"minecraft:beef":10,"gamma_beasts:red_maple_log":11,"minecraft:sugar_cane":25,"minecraft:spruce_trapdoor":2,"minecraft:egg":6,"minecraft:furnace":4,"minecraft:raw_iron":32,"minecraft:stick":4,"iceandfire:dragonbone":46,"minecraft:stone":4,"minecraft:oak_fence":6,"minecraft:torch":13,"minecraft:porkchop":16,"minecraft:pointed_dripstone":6,"minecraft:carrot":2,"minecraft:redstone":18,"iceandfire:dragon_skull_ice":3,"minecraft:arrow":12,"minecraft:rotten_flesh":65,"gamma_beasts:coal_nugget":3,"minecraft:obsidian":8,"minecraft:mutton":7,"minecraft:white_wool":5,"minecraft:cobblestone":188,"minecraft:feather":3,"minecraft:cooked_beef":1,"minecraft:andesite":15,"minecraft:salmon":9,"paraglider:spirit_orb":2,"minecraft:leather":11,"gamma_beasts:prehnite":8,"minecraft:potato":23,"irons_spellbooks:silver_ring":5,"minecraft:filled_map":5,"gamma_beasts:red_maple_planks":67,"minecraft:gunpowder":1,"minecraft:lapis_lazuli":5,"minecraft:dirt":23,"minecraft:blue_bed":11,"minecraft:paper":2,"irons_spellbooks:common_ink":1,"minecraft:bone":5,"minecraft:coast_armor_trim_smithing_template":1,"minecraft:stone_bricks":13,"gamma_beasts:meat":2,"minecraft:wheat_seeds":3,"minecraft:iron_ingot":3,"minecraft:rabbit":1,"minecraft:powered_rail":1,"minecraft:oak_planks":15,"minecraft:sweet_berries":62,"irons_spellbooks:legendary_ink":1,"minecraft:cooked_porkchop":4,"minecraft:pumpkin":2,"iceandfire:podium_spruce":2,"minecraft:stone_brick_slab":3,"minecraft:dripstone_block":39,"minecraft:gravel":2,"minecraft:stripped_spruce_log":2,"minecraft:blast_furnace":2,"minecraft:white_bed":3,"minecraft:spruce_log":33,"minecraft:cyan_bed":1,"minecraft:spider_eye":1,"iceandfire:silver_pickaxe":1,"minecraft:diamond":5,"minecraft:stone_axe":1,"minecraft:granite":12,"minecraft:coal":15,"iceandfire:raw_silver":4},"minecraft:mined":{"minecraft:dark_oak_planks":1,"minecraft:spruce_planks":3,"minecraft:white_bed":2,"iceandfire:silver_ore":3,"minecraft:candle":1,"minecraft:deepslate_diamond_ore":4,"minecraft:budding_amethyst":1,"minecraft:granite":15,"minecraft:spruce_trapdoor":2,"gravestone:gravestone":16,"minecraft:stone_brick_wall":5,"minecraft:grass_block":10,"iceandfire:deepslate_silver_ore":1,"minecraft:spruce_leaves":15,"minecraft:spawner":1,"minecraft:spore_blossom":1,"minecraft:large_fern":3,"minecraft:furnace":4,"minecraft:carrots":4,"minecraft:cobbled_deepslate":4,"minecraft:iron_ore":33,"gamma_beasts:prehnite_ore":9,"minecraft:andesite":17,"minecraft:pumpkin":1,"minecraft:anvil":2,"minecraft:deepslate_lapis_ore":1,"minecraft:bookshelf":8,"minecraft:potatoes":26,"minecraft:vine":2,"minecraft:dirt_path":1,"minecraft:packed_ice":15,"minecraft:stone":161,"iceandfire:podium_spruce":1,"minecraft:ender_chest":1,"minecraft:podzol":1,"minecraft:deepslate_redstone_ore":4,"gamma_beasts:red_maple_planks":2,"minecraft:stone_brick_slab":1,"minecraft:clay":2,"minecraft:oak_fence":1,"minecraft:crafting_table":5,"minecraft:blast_furnace":1,"minecraft:copper_ore":1,"minecraft:tall_grass":1,"minecraft:cobblestone":18,"minecraft:cyan_bed":1,"minecraft:oak_planks":9,"minecraft:lapis_ore":1,"minecraft:sugar_cane":4,"minecraft:iron_door":1,"minecraft:wall_torch":1,"minecraft:blue_bed":10,"minecraft:spruce_stairs":1,"minecraft:sweet_berry_bush":18,"minecraft:wheat":1,"minecraft:spruce_log":35,"minecraft:stone_brick_stairs":2,"minecraft:coal_ore":10,"minecraft:dripstone_block":17,"minecraft:gravel":2,"minecraft:dirt":16,"minecraft:stone_bricks":18,"gamma_beasts:red_maple_log":8,"minecraft:deepslate":44,"minecraft:fern":3,"minecraft:diamond_ore":1},"minecraft:crafted":{"minecraft:wooden_sword":1,"minecraft:smooth_stone":3,"gamma_beasts:red_maple_planks":16,"iceandfire:dragon_stick":1,"minecraft:furnace":4,"minecraft:blast_furnace":1,"minecraft:stone":5,"minecraft:cooked_mutton":7,"minecraft:iron_boots":1,"minecraft:stone_pickaxe":1,"gamma_beasts:prehnite_armor_helmet":1,"minecraft:chest":3,"gamma_beasts:cooked_meat":2,"minecraft:cooked_beef":11,"sophisticatedbackpacks:backpack":2,"iceandfire:silver_ingot":1,"gamma_beasts:prehnite_axe":1,"minecraft:cooked_porkchop":10,"minecraft:crafting_table":9,"minecraft:spruce_planks":128,"minecraft:wooden_pickaxe":3,"minecraft:bucket":1,"minecraft:stone_axe":1,"minecraft:air":0,"minecraft:diamond_pickaxe":1,"minecraft:iron_chestplate":1,"minecraft:shield":1,"minecraft:stick":32,"minecraft:iron_pickaxe":1,"minecraft:iron_ingot":32,"minecraft:wooden_axe":2,"minecraft:iron_leggings":1,"minecraft:white_bed":1,"minecraft:torch":8}},"DataVersion":3465}