{"stats":{"minecraft:killed":{"minecraft:spider":1},"minecraft:custom":{"minecraft:time_since_rest":4473,"minecraft:interact_with_smithing_table":1,"minecraft:sprint_one_cm":40294,"minecraft:damage_taken":215,"minecraft:walk_one_cm":30596,"minecraft:mob_kills":1,"minecraft:drop":2,"minecraft:damage_dealt":272,"minecraft:interact_with_crafting_table":7,"minecraft:fly_one_cm":74217,"minecraft:talked_to_villager":3,"minecraft:open_chest":2,"minecraft:crouch_one_cm":7186,"minecraft:play_time":17306,"minecraft:sneak_time":2276,"minecraft:jump":387,"minecraft:time_since_death":17306,"minecraft:sleep_in_bed":1,"minecraft:total_world_time":17306,"minecraft:fall_one_cm":11274},"minecraft:mined":{"minecraft:white_bed":1,"minecraft:carrots":2,"minecraft:wheat":1,"minecraft:spruce_log":11,"minecraft:crafting_table":1,"minecraft:grass_block":2,"minecraft:potatoes":14,"minecraft:dirt":4,"minecraft:spruce_leaves":10,"minecraft:sugar_cane":1,"minecraft:blue_bed":2},"minecraft:picked_up":{"minecraft:crafting_table":1,"minecraft:potato":12,"minecraft:gunpowder":1,"minecraft:white_bed":1,"minecraft:spruce_log":11,"minecraft:carrot":2,"minecraft:string":2,"minecraft:spider_eye":1,"minecraft:dirt":6,"minecraft:blue_bed":2,"iceandfire:bestiary":1,"minecraft:wheat_seeds":1,"minecraft:sugar_cane":4},"minecraft:dropped":{"iceandfire:bestiary":1,"minecraft:glow_berries":1},"minecraft:crafted":{"minecraft:wooden_pickaxe":1,"minecraft:crafting_table":1,"minecraft:stick":4,"minecraft:spruce_planks":44,"minecraft:wooden_axe":1,"minecraft:bucket":1},"minecraft:used":{"minecraft:wooden_axe":7,"minecraft:bread":2,"minecraft:spruce_planks":12,"minecraft:blue_bed":1,"minecraft:glow_berries":7,"minecraft:dirt":5,"minecraft:crafting_table":1,"minecraft:potato":13}},"DataVersion":3465}