{"stats":{"minecraft:crafted":{"minecraft:smooth_stone":3,"gamma_beasts:red_maple_planks":16,"iceandfire:silver_shovel":1,"waystones:waystone":1,"sophisticatedbackpacks:crafting_upgrade":1,"minecraft:bookshelf":9,"minecraft:cooked_mutton":7,"minecraft:glass":46,"minecraft:netherite_boots":2,"gamma_beasts:prehnite_armor_helmet":1,"gamma_beasts:cooked_meat":2,"gamma_beasts:prehnite_armor_boots":1,"minecraft:cooked_porkchop":14,"waystones:warp_stone":1,"minecraft:wooden_hoe":4,"minecraft:iron_pickaxe":2,"minecraft:spruce_fence_gate":3,"minecraft:stone_shovel":1,"minecraft:bone_meal":105,"minecraft:warped_trapdoor":4,"minecraft:spruce_slab":12,"minecraft:stone_pickaxe":1,"minecraft:spruce_boat":8,"gamma_beasts:prehnite_axe":1,"simplyswords:iron_greathammer":1,"minecraft:warped_sign":12,"minecraft:wooden_axe":2,"minecraft:iron_leggings":3,"minecraft:white_bed":1,"minecraft:oak_planks":52,"minecraft:cobblestone_slab":24,"minecraft:stone":5,"minecraft:warped_planks":4,"minecraft:hopper":1,"minecraft:iron_boots":2,"minecraft:chest":9,"minecraft:smoker":3,"gamma_beasts:red_maple_stairs":4,"sophisticatedbackpacks:backpack":2,"minecraft:crafting_table":22,"minecraft:spruce_planks":384,"minecraft:wooden_pickaxe":5,"minecraft:baked_potato":275,"minecraft:iron_helmet":2,"sophisticatedbackpacks:upgrade_base":1,"minecraft:spruce_trapdoor":6,"minecraft:iron_chestplate":3,"minecraft:charcoal":11,"minecraft:diamond_pickaxe":2,"minecraft:shield":4,"minecraft:stick":96,"minecraft:iron_ingot":94,"minecraft:wooden_sword":1,"iceandfire:dragon_stick":1,"minecraft:furnace":6,"minecraft:blast_furnace":1,"minecraft:flint_and_steel":2,"minecraft:iron_axe":1,"sophisticatedbackpacks:iron_backpack":1,"minecraft:cooked_beef":11,"minecraft:diamond_sword":1,"iceandfire:silver_ingot":4,"minecraft:spruce_sign":9,"minecraft:iron_sword":2,"minecraft:cooked_salmon":27,"minecraft:bucket":1,"minecraft:stone_axe":1,"minecraft:air":0,"gamma_beasts:red_maple_slab":6,"minecraft:torch":28},"minecraft:killed":{"minecraft:cave_spider":9,"mythicmounts:dragon":1,"enemyexpansion:equestrian":4,"minecraft:skeleton":27,"minecraft:chicken":2,"enemyexpansion:vampflyer":1,"minecraft:cat":1,"minecraft:salmon":44,"minecraft:iron_golem":5,"minecraft:pillager":3,"enemyexpansion:meature":1,"minecraft:zombie":87,"enemyexpansion:vampire":2,"enemyexpansion:botfly":19,"minecraft:cow":9,"enemyexpansion:trollenraged":2,"minecraft:evoker":1,"minecraft:vindicator":2,"iceandfire:dread_beast":1,"enemyexpansion:faller":1,"enemyexpansion:silverqueen":2,"minecraft:rabbit":1,"enemyexpansion:sprinter":11,"iceandfire:ghost":3,"iceandfire:ice_dragon":1,"minecraft:enderman":14,"minecraft:witch":2,"mythicmounts:nightmare":3,"minecraft:spider":24,"minecraft:silverfish":13,"minecraft:illusioner":2,"minecraft:piglin_brute":77,"minecraft:pig":13,"minecraft:zombie_villager":1,"irons_spellbooks:necromancer":7,"minecraft:creeper":32,"minecraft:sheep":5,"minecraft:ghast":1,"minecraft:stray":3,"minecraft:vex":1,"irons_spellbooks:summoned_zombie":4,"enemyexpansion:direwolf":24,"gamma_beasts:sppinto_a":2,"minecraft:drowned":2,"enemyexpansion:crawler":2,"enemyexpansion:huntsman":3},"minecraft:mined":{"minecraft:dark_oak_planks":1,"minecraft:white_bed":17,"irons_spellbooks:armor_pile":1,"minecraft:obsidian":2,"minecraft:granite":82,"minecraft:stone_brick_wall":10,"minecraft:yellow_carpet":1,"minecraft:light_gray_bed":1,"minecraft:hopper":9,"minecraft:crimson_fungus":1,"minecraft:nether_wart":2,"minecraft:chiseled_stone_bricks":2,"minecraft:spawner":6,"minecraft:cobbled_deepslate":55,"minecraft:fire":19,"minecraft:pumpkin":17,"minecraft:deepslate_lapis_ore":7,"minecraft:nether_brick_stairs":2,"minecraft:enchanting_table":1,"minecraft:cave_vines":6,"minecraft:water_cauldron":1,"minecraft:dirt_path":6,"tetra:scroll_wall":1,"minecraft:soul_fire":2,"minecraft:torch":4,"minecraft:blast_furnace":1,"minecraft:melon":1,"iceandfire:sapphire_ore":6,"minecraft:spruce_wall_sign":2,"minecraft:glass":1,"minecraft:cyan_bed":1,"minecraft:sugar_cane":4,"minecraft:wheat":1,"gamma_beasts:red_maple_stairs":2,"minecraft:stone_brick_stairs":3,"minecraft:grass":47,"minecraft:deepslate":112,"iceandfire:silver_ore":7,"minecraft:mossy_cobblestone":10,"tetra:block_geode":1,"minecraft:spruce_fence":6,"iceandfire:deepslate_silver_ore":1,"minecraft:moss_block":1,"minecraft:redstone_ore":1,"minecraft:snow":54,"minecraft:andesite":78,"minecraft:potatoes":58,"minecraft:cobblestone_slab":6,"minecraft:vine":2,"minecraft:rail":4,"minecraft:warped_stem":1,"iceandfire:frost_lily":2,"iceandfire:podium_spruce":1,"minecraft:bone_block":27,"minecraft:ender_chest":1,"minecraft:soul_sand":6,"minecraft:brown_carpet":1,"minecraft:stone_brick_slab":1,"minecraft:dandelion":1,"minecraft:warped_roots":5,"minecraft:tall_grass":3,"minecraft:copper_ore":19,"minecraft:deepslate_gold_ore":7,"minecraft:diorite":45,"minecraft:warped_wart_block":4,"minecraft:cobblestone_wall":5,"minecraft:spruce_log":134,"minecraft:gravel":18,"minecraft:dripstone_block":18,"minecraft:cobweb":3,"minecraft:stone_bricks":155,"minecraft:iron_trapdoor":2,"minecraft:fern":8,"minecraft:spruce_planks":117,"minecraft:farmland":10,"minecraft:spruce_trapdoor":3,"minecraft:cave_vines_plant":1,"minecraft:budding_amethyst":1,"minecraft:grass_block":435,"minecraft:soul_soil":1,"minecraft:composter":4,"minecraft:iron_ore":122,"minecraft:anvil":2,"minecraft:pointed_dripstone":1,"minecraft:iron_bars":7,"minecraft:purple_carpet":4,"minecraft:spruce_slab":48,"minecraft:deepslate_redstone_ore":4,"gamma_beasts:red_maple_planks":10,"minecraft:blackstone":2,"tetra:scroll_rolled":2,"minecraft:clay":2,"iceandfire:dragon_ice_spikes":22,"minecraft:poppy":1,"minecraft:chest":10,"minecraft:nether_quartz_ore":46,"minecraft:cobblestone":146,"minecraft:oak_planks":9,"minecraft:iron_door":12,"minecraft:wall_torch":6,"minecraft:warped_nylium":1,"minecraft:blue_ice":2,"minecraft:smooth_stone_slab":1,"minecraft:oak_log":1,"minecraft:sand":89,"minecraft:dirt":265,"minecraft:netherrack":146,"gamma_beasts:red_maple_log":8,"minecraft:oak_leaves":1,"minecraft:nether_gold_ore":3,"minecraft:diamond_ore":1,"minecraft:red_carpet":1,"minecraft:tuff":1,"minecraft:deepslate_diamond_ore":4,"minecraft:candle":1,"minecraft:glow_lichen":1,"gravestone:gravestone":48,"minecraft:chiseled_bookshelf":4,"minecraft:decorated_pot":1,"minecraft:polished_andesite_slab":1,"minecraft:spruce_leaves":34,"minecraft:large_fern":3,"minecraft:spore_blossom":1,"minecraft:oak_trapdoor":6,"minecraft:furnace":6,"minecraft:carrots":4,"minecraft:nether_sprouts":2,"gamma_beasts:prehnite_ore":32,"minecraft:stripped_spruce_log":29,"minecraft:bell":4,"minecraft:bookshelf":13,"minecraft:shroomlight":1,"minecraft:deepslate_iron_ore":3,"minecraft:lantern":3,"minecraft:stripped_oak_log":5,"minecraft:packed_ice":18,"minecraft:stone":916,"minecraft:podzol":3,"minecraft:infested_stone_bricks":4,"minecraft:basalt":6,"minecraft:oak_fence":1,"minecraft:crafting_table":7,"gamma_beasts:abeto_hoja_1":1,"minecraft:oak_wood":7,"minecraft:lapis_ore":6,"minecraft:blue_bed":10,"minecraft:spruce_stairs":8,"minecraft:sweet_berry_bush":18,"minecraft:ice":123,"minecraft:potted_azure_bluet":1,"minecraft:coal_ore":70,"minecraft:cracked_stone_bricks":11,"minecraft:polished_andesite":4,"minecraft:mossy_stone_bricks":1},"minecraft:killed_by":{"minecraft:vex":2,"minecraft:evoker":1},"minecraft:picked_up":{"minecraft:iron_chestplate":2,"iceandfire:copper_sword":3,"minecraft:flower_pot":1,"minecraft:anvil":2,"irons_spellbooks:affinity_ring":1,"minecraft:diamond_sword":2,"minecraft:enchanted_book":2,"minecraft:knowledge_book":2,"minecraft:string":51,"minecraft:soul_soil":3,"minecraft:shroomlight":1,"minecraft:gold_nugget":16,"minecraft:cobbled_deepslate":253,"bosses_of_mass_destruction:soul_star":3,"minecraft:spruce_planks":376,"minecraft:hopper_minecart":4,"minecraft:melon_slice":21,"minecraft:composter":5,"minecraft:cauldron":1,"minecraft:brown_carpet":2,"minecraft:light_gray_bed":1,"gamma_beasts:coal_nugget":14,"minecraft:netherite_chestplate":3,"minecraft:iron_bars":7,"minecraft:snowball":126,"iceandfire:sapphire_gem":6,"minecraft:feather":3,"minecraft:cooked_beef":4,"minecraft:iron_door":11,"minecraft:flint":5,"irons_spellbooks:concentration_amulet":1,"minecraft:lantern":9,"minecraft:purple_carpet":7,"tetra:scroll_rolled":3,"minecraft:rabbit":2,"minecraft:glowstone_dust":1,"irons_spellbooks:legendary_ink":1,"iceandfire:dragonscales_sapphire":19,"minecraft:warped_wart_block":4,"minecraft:stripped_spruce_log":24,"minecraft:ink_sac":1,"minecraft:red_terracotta":4,"minecraft:polished_andesite":2,"minecraft:granite":88,"minecraft:bread":13,"minecraft:plenty_pottery_sherd":6,"iceandfire:raw_silver":8,"minecraft:spruce_leaves":2,"minecraft:crafting_table":9,"minecraft:nether_wart":4,"irons_spellbooks:tarnished_helmet":1,"minecraft:leather_leggings":1,"gravestone:obituary":117,"iceandfire:frozen_grass":2,"minecraft:cracked_stone_bricks":9,"iceandfire:bestiary":4,"minecraft:beef":21,"gamma_beasts:red_maple_log":11,"minecraft:iron_nugget":8,"minecraft:poppy":11,"minecraft:spruce_slab":43,"minecraft:chest":12,"minecraft:egg":7,"minecraft:stone":5,"sophisticatedbackpacks:backpack":4,"minecraft:spruce_fence":6,"minecraft:carrot":4,"minecraft:redstone":24,"minecraft:netherite_pickaxe":4,"iceandfire:dragon_skull_ice":4,"minecraft:stone_shovel":2,"minecraft:decorated_pot":3,"minecraft:warped_sign":3,"minecraft:totem_of_undying":1,"minecraft:bone_block":26,"minecraft:mutton":8,"minecraft:white_wool":9,"minecraft:rail":22,"minecraft:stripped_oak_log":5,"irons_spellbooks:silver_ring":8,"minecraft:filled_map":5,"gamma_beasts:red_maple_planks":106,"minecraft:oak_log":6,"iceandfire:dragonscales_blue":11,"minecraft:blue_bed":11,"minecraft:paper":2,"minecraft:white_banner":1,"minecraft:stone_bricks":133,"gamma_beasts:meat":2,"minecraft:warped_stem":1,"minecraft:glass_bottle":2,"minecraft:iron_sword":1,"minecraft:flowering_azalea":4,"minecraft:sweet_berries":76,"minecraft:gravel":15,"minecraft:prize_pottery_sherd":4,"minecraft:spruce_sapling":12,"minecraft:spruce_log":133,"minecraft:leather_helmet":1,"minecraft:oak_wood":7,"gamma_beasts:prehnite_pickaxe":1,"iceandfire:dragon_flute":1,"tetra:geode":1,"minecraft:stone_axe":1,"minecraft:light_blue_carpet":1,"minecraft:warped_roots":8,"minecraft:hopper":21,"minecraft:ender_pearl":8,"irons_spellbooks:scroll":3,"minecraft:wheat":13,"gamma_beasts:fur":16,"minecraft:potion":1,"minecraft:stone_brick_stairs":3,"minecraft:raw_copper":53,"minecraft:smooth_stone_slab":1,"minecraft:iron_leggings":2,"irons_spellbooks:arcane_essence":7,"minecraft:bucket":1,"iceandfire:frost_lily":3,"minecraft:cobblestone_slab":13,"minecraft:furnace":6,"iceandfire:pixie_dust":1,"minecraft:tipped_arrow":1,"minecraft:stick":15,"minecraft:oak_fence":6,"minecraft:torch":51,"minecraft:spruce_stairs":11,"minecraft:porkchop":28,"minecraft:pointed_dripstone":8,"minecraft:diorite":30,"gamma_beasts:red_maple_stairs":2,"minecraft:rotten_flesh":140,"minecraft:obsidian":13,"minecraft:cobblestone":1055,"minecraft:enchanting_table":1,"minecraft:andesite":74,"minecraft:golden_leggings":1,"gamma_beasts:prehnite":29,"minecraft:potato":100,"paraglider:spirit_orb":8,"minecraft:dirt":425,"minecraft:lapis_lazuli":90,"minecraft:name_tag":1,"minecraft:glass":6,"minecraft:bone":35,"minecraft:bow":3,"minecraft:wheat_seeds":8,"minecraft:raw_gold":7,"minecraft:bell":5,"minecraft:mossy_stone_bricks":2,"minecraft:powered_rail":1,"minecraft:oak_planks":31,"minecraft:stone_hoe":3,"minecraft:ghast_tear":1,"irons_spellbooks:frozen_bone":3,"minecraft:cooked_porkchop":4,"iceandfire:podium_spruce":2,"minecraft:sand":95,"minecraft:cyan_bed":1,"minecraft:warped_fence_gate":1,"minecraft:mossy_cobblestone":9,"minecraft:spruce_fence_gate":1,"minecraft:sugar":6,"minecraft:yellow_carpet":33,"minecraft:diamond":8,"minecraft:spruce_boat":16,"waystones:waystone":1,"minecraft:crossbow":1,"minecraft:bone_meal":2,"minecraft:spruce_sign":3,"minecraft:emerald":5,"minecraft:netherrack":117,"minecraft:charcoal":9,"minecraft:azure_bluet":1,"minecraft:brown_mushroom":2,"minecraft:wooden_pickaxe":4,"minecraft:stone_brick_wall":10,"minecraft:shield":1,"minecraft:oak_trapdoor":7,"minecraft:iron_axe":3,"minecraft:blackstone":1,"minecraft:sugar_cane":25,"minecraft:spruce_trapdoor":10,"iceandfire:dragonbone":51,"minecraft:raw_iron":140,"minecraft:copper_ingot":2,"minecraft:bowl":1,"minecraft:arrow":32,"iceandfire:silver_axe":1,"minecraft:netherite_boots":6,"minecraft:basalt":5,"minecraft:salmon":31,"minecraft:leather":12,"minecraft:crimson_fungus":1,"gamma_beasts:green_apple":3,"iceandfire:ectoplasm":2,"minecraft:gunpowder":15,"minecraft:cobblestone_wall":9,"irons_spellbooks:common_ink":1,"minecraft:red_carpet":22,"minecraft:coast_armor_trim_smithing_template":1,"minecraft:iron_ingot":52,"minecraft:polished_andesite_slab":4,"minecraft:soul_sand":6,"minecraft:book":80,"minecraft:pumpkin":19,"minecraft:chiseled_stone_bricks":2,"minecraft:stone_brick_slab":3,"minecraft:quartz":40,"minecraft:dripstone_block":40,"minecraft:amethyst_shard":4,"minecraft:blast_furnace":2,"minecraft:white_bed":22,"gamma_beasts:blackberry":4,"minecraft:spider_eye":8,"gamma_beasts:spruce_leaf":16,"iceandfire:silver_pickaxe":1,"minecraft:pumpkin_seeds":4,"minecraft:coal":66},"minecraft:broken":{"minecraft:iron_boots":1,"minecraft:iron_chestplate":1,"minecraft:iron_leggings":1,"iceandfire:silver_shovel":1,"minecraft:leather_helmet":1,"minecraft:stone_hoe":1,"minecraft:wooden_pickaxe":1,"minecraft:shield":4,"gamma_beasts:prehnite_armor_helmet":2,"minecraft:iron_helmet":2,"minecraft:wooden_hoe":2,"minecraft:stone_shovel":1},"minecraft:dropped":{"minecraft:porkchop":8,"minecraft:lapis_lazuli":1,"minecraft:cooked_beef":4,"minecraft:glass_bottle":4,"minecraft:crafting_table":2,"minecraft:crossbow":1,"minecraft:glow_berries":1,"minecraft:warped_roots":7,"iceandfire:ectoplasm":1,"minecraft:cracked_stone_bricks":4,"minecraft:rail":7,"minecraft:leather_helmet":1,"minecraft:red_carpet":22,"minecraft:emerald":1,"minecraft:dirt":28,"gamma_beasts:red_maple_log":6,"minecraft:bone_meal":2,"minecraft:sugar":3,"minecraft:fishing_rod":1,"minecraft:white_wool":5,"minecraft:blue_bed":1,"minecraft:bone":7,"minecraft:stone_axe":2,"minecraft:sugar_cane":11,"minecraft:iron_nugget":6,"minecraft:polished_andesite_slab":4,"minecraft:cobbled_deepslate":41,"minecraft:wheat":2,"minecraft:rotten_flesh":69,"minecraft:oak_planks":8,"minecraft:warped_sign":3,"minecraft:azure_bluet":1,"iceandfire:frozen_grass":2,"minecraft:salmon":5,"bosses_of_mass_destruction:soul_star":1,"iceandfire:bestiary":3,"minecraft:leather_leggings":1,"minecraft:spruce_slab":12,"minecraft:beef":8,"minecraft:stone_brick_stairs":2,"iceandfire:manuscript":5,"minecraft:egg":6,"minecraft:iron_ingot":25,"minecraft:golden_boots":1,"minecraft:netherite_pickaxe":3,"minecraft:wheat_seeds":6,"minecraft:dripstone_block":14,"minecraft:knowledge_book":1,"minecraft:oak_fence":3,"minecraft:iron_helmet":1,"minecraft:feather":3,"minecraft:cobblestone":93,"minecraft:book":3,"iceandfire:dragon_stick":1,"minecraft:granite":18,"minecraft:yellow_carpet":33,"minecraft:warped_trapdoor":4,"minecraft:cobweb":1,"minecraft:ink_sac":1,"minecraft:wooden_hoe":1,"minecraft:wooden_axe":1,"minecraft:rabbit":1,"minecraft:cooked_salmon":6,"minecraft:potion":2,"minecraft:pumpkin":1,"minecraft:paper":48,"minecraft:string":14,"minecraft:spruce_sapling":6,"minecraft:stone_brick_slab":2,"minecraft:cobblestone_wall":3,"minecraft:smooth_stone_slab":1,"minecraft:bowl":1,"irons_spellbooks:uncommon_ink":1,"minecraft:stone_shovel":1,"minecraft:iron_boots":2,"iceandfire:dragon_skull_ice":2,"minecraft:spruce_fence":6,"minecraft:pumpkin_seeds":4,"minecraft:suspicious_stew":1,"minecraft:blast_furnace":1,"gamma_beasts:red_maple_stairs":1,"minecraft:diamond_sword":3,"minecraft:potato":2,"minecraft:cobblestone_slab":18,"minecraft:shroomlight":1,"minecraft:spruce_boat":5,"minecraft:stone":5,"minecraft:spruce_trapdoor":6,"minecraft:spruce_planks":100,"minecraft:diamond_pickaxe":1,"minecraft:light_blue_carpet":1,"minecraft:spider_eye":3,"minecraft:stone_bricks":49,"minecraft:brown_carpet":1,"minecraft:bow":2,"minecraft:spruce_sign":2,"minecraft:brown_mushroom":2,"iceandfire:silver_axe":1,"minecraft:baked_potato":23,"minecraft:decorated_pot":1,"minecraft:lantern":8,"minecraft:leather":3,"minecraft:flint":1,"minecraft:snowball":80,"gravestone:obituary":140,"minecraft:cauldron":1,"minecraft:gold_ingot":1,"minecraft:gravel":9,"minecraft:prize_pottery_sherd":4,"minecraft:crimson_fungus":1,"minecraft:blackstone":2,"minecraft:pointed_dripstone":6,"minecraft:carrot":2,"minecraft:chiseled_stone_bricks":2,"minecraft:poppy":9,"minecraft:leather_chestplate":1,"minecraft:gunpowder":1,"minecraft:stone_brick_wall":7,"iceandfire:frost_lily":1,"minecraft:iron_bars":4,"minecraft:arrow":3,"minecraft:powered_rail":3,"gamma_beasts:fur":8,"iceandfire:silver_pickaxe":1,"minecraft:stone_hoe":2,"minecraft:bread":16,"minecraft:stripped_spruce_log":1,"irons_spellbooks:legendary_ink":1,"weaponmaster:tutorialbook":1,"minecraft:plenty_pottery_sherd":6,"minecraft:copper_ingot":2,"gamma_beasts:prehnite_pickaxe":1,"iceandfire:dragon_flute":1,"minecraft:stick":31,"irons_spellbooks:affinity_ring":1,"gamma_beasts:red_maple_planks":11,"iceandfire:podium_spruce":2,"minecraft:diorite":23,"minecraft:torch":27,"gamma_beasts:spruce_leaf":9,"minecraft:iron_door":10,"minecraft:iron_leggings":4,"minecraft:flowering_azalea":4,"minecraft:iron_axe":3,"minecraft:redstone":1,"minecraft:sweet_berries":42,"minecraft:composter":1,"minecraft:raw_iron":17,"minecraft:red_terracotta":1,"minecraft:filled_map":4,"iceandfire:copper_sword":3,"minecraft:iron_chestplate":3,"minecraft:andesite":1,"minecraft:mossy_stone_bricks":1,"minecraft:light_gray_bed":1,"minecraft:wooden_pickaxe":5},"minecraft:used":{"minecraft:spruce_slab":45,"minecraft:poppy":2,"minecraft:chest":18,"minecraft:warped_sign":3,"minecraft:rotten_flesh":44,"minecraft:soul_sand":6,"minecraft:stripped_spruce_log":9,"minecraft:spruce_boat":19,"minecraft:lava_bucket":16,"minecraft:rabbit_stew":1,"minecraft:bow":27,"minecraft:sweet_berries":43,"gamma_beasts:red_maple_planks":45,"minecraft:furnace":8,"minecraft:egg":1,"minecraft:potato":147,"minecraft:mossy_stone_bricks":1,"minecraft:diorite":7,"minecraft:blackstone":1,"minecraft:wooden_pickaxe":113,"minecraft:composter":4,"minecraft:glow_berries":7,"gamma_beasts:red_maple_slab":6,"minecraft:sand":3,"gamma_beasts:prehnite_axe":131,"minecraft:blast_furnace":2,"gamma_beasts:blackberry":4,"iceandfire:silver_pickaxe":69,"minecraft:red_terracotta":3,"minecraft:diamond_sword":1511,"minecraft:oak_trapdoor":9,"minecraft:enchanting_table":1,"simplyswords:stormbringer":254,"minecraft:cooked_salmon":21,"minecraft:netherrack":75,"minecraft:torch":63,"iceandfire:frost_lily":2,"minecraft:warped_wart_block":4,"minecraft:anvil":2,"iceandfire:copper_sword":223,"tetra:scroll_rolled":4,"gamma_beasts:red_maple_log":1,"minecraft:iron_axe":244,"minecraft:basalt":6,"minecraft:goat_horn":3,"minecraft:cobbled_deepslate":173,"minecraft:golden_axe":26,"minecraft:knowledge_book":21,"minecraft:water_bucket":250,"minecraft:spruce_fence_gate":3,"minecraft:cracked_stone_bricks":1,"minecraft:salmon":19,"minecraft:rail":4,"minecraft:crafting_table":28,"minecraft:white_bed":22,"minecraft:spruce_log":6,"minecraft:diamond_pickaxe":1600,"minecraft:iron_pickaxe":414,"minecraft:suspicious_stew":2,"minecraft:spruce_trapdoor":10,"minecraft:spruce_sapling":2,"minecraft:cobblestone":841,"minecraft:potion":1,"minecraft:porkchop":3,"minecraft:cooked_porkchop":18,"minecraft:warped_fence_gate":1,"minecraft:stripped_oak_log":1,"minecraft:bone_block":9,"minecraft:decorated_pot":1,"minecraft:shield":288,"minecraft:iron_sword":159,"minecraft:bell":5,"minecraft:carrot":2,"minecraft:axolotl_bucket":2,"minecraft:obsidian":10,"minecraft:glass":52,"minecraft:hopper_minecart":4,"minecraft:stone_bricks":74,"minecraft:brown_carpet":1,"minecraft:golden_boots":1,"minecraft:stone_pickaxe":71,"minecraft:oak_planks":10,"minecraft:ender_pearl":1,"minecraft:blue_bed":10,"gamma_beasts:red_maple_stairs":5,"gamma_beasts:cooked_meat":2,"iceandfire:silver_axe":117,"waystones:waystone":2,"minecraft:melon_slice":21,"minecraft:cyan_bed":1,"minecraft:bread":35,"minecraft:gravel":3,"minecraft:andesite":35,"minecraft:bone_meal":10,"minecraft:flint_and_steel":2,"minecraft:stone_shovel":131,"minecraft:spruce_planks":358,"gamma_beasts:green_apple":3,"minecraft:stone_hoe":171,"minecraft:dirt":346,"iceandfire:pixie_dust":1,"minecraft:hopper":19,"minecraft:spruce_stairs":5,"minecraft:cobblestone_wall":3,"minecraft:granite":64,"minecraft:wooden_axe":42,"minecraft:bookshelf":9,"minecraft:netherite_pickaxe":235,"minecraft:cooked_beef":11,"minecraft:pumpkin":8,"minecraft:iron_leggings":1,"minecraft:cooked_mutton":7,"minecraft:polished_andesite":2,"minecraft:baked_potato":215,"minecraft:spruce_sign":8,"minecraft:cobblestone_slab":25,"minecraft:smoker":3,"minecraft:wooden_hoe":167,"minecraft:apple":7,"minecraft:stone_axe":1,"minecraft:fishing_rod":15,"minecraft:bucket":269,"iceandfire:silver_shovel":466},"minecraft:custom":{"minecraft:interact_with_crafting_table":199,"minecraft:open_barrel":70,"minecraft:bell_ring":51,"minecraft:eat_cake_slice":2,"minecraft:leave_game":11,"minecraft:time_since_death":213738,"minecraft:damage_blocked_by_shield":13912,"minecraft:play_time":1048509,"minecraft:deaths":53,"minecraft:jump":22236,"minecraft:enchant_item":15,"minecraft:interact_with_furnace":157,"minecraft:sleep_in_bed":42,"minecraft:waystone_activated":2,"minecraft:damage_dealt":103721,"minecraft:interact_with_smoker":42,"minecraft:inspect_dispenser":5,"minecraft:horse_one_cm":59833,"minecraft:interact_with_smithing_table":6,"minecraft:interact_with_anvil":10,"minecraft:inspect_hopper":31,"minecraft:sneak_time":124987,"minecraft:interact_with_blast_furnace":26,"minecraft:total_world_time":1048509,"minecraft:interact_with_stonecutter":2,"minecraft:time_since_rest":57271,"minecraft:swim_one_cm":284809,"minecraft:fly_one_cm":3961861,"minecraft:open_chest":265,"minecraft:fall_one_cm":538198,"minecraft:damage_resisted":83,"minecraft:sprint_one_cm":2213080,"minecraft:drop":509,"minecraft:talked_to_villager":32,"minecraft:walk_on_water_one_cm":227142,"minecraft:open_enderchest":3,"minecraft:player_kills":1,"minecraft:crouch_one_cm":396597,"minecraft:mob_kills":495,"minecraft:interact_with_campfire":4,"minecraft:damage_dealt_resisted":488,"minecraft:climb_one_cm":5746,"minecraft:walk_one_cm":1889692,"minecraft:walk_under_water_one_cm":156782,"minecraft:boat_one_cm":175674,"minecraft:interact_with_grindstone":2,"minecraft:damage_taken":30698,"minecraft:damage_absorbed":913,"minecraft:trigger_trapped_chest":2}},"DataVersion":3465}