{"stats":{"minecraft:dropped":{"minecraft:golden_boots":1,"minecraft:iron_ingot":1,"minecraft:bread":2,"minecraft:stripped_spruce_log":1,"minecraft:porkchop":1,"minecraft:cooked_beef":2,"irons_spellbooks:legendary_ink":1,"minecraft:crafting_table":1,"weaponmaster:tutorialbook":1,"minecraft:feather":3,"minecraft:cobblestone":1,"minecraft:glow_berries":1,"minecraft:rail":7,"minecraft:stick":10,"minecraft:emerald":1,"minecraft:cobweb":1,"irons_spellbooks:affinity_ring":1,"gamma_beasts:red_maple_planks":11,"iceandfire:podium_spruce":2,"minecraft:torch":23,"minecraft:wooden_axe":1,"gravestone:obituary":7,"gamma_beasts:red_maple_log":6,"minecraft:pumpkin":1,"minecraft:paper":46,"minecraft:string":4,"minecraft:fishing_rod":1,"minecraft:blue_bed":1,"minecraft:gold_ingot":1,"minecraft:sugar_cane":11,"minecraft:iron_nugget":5,"irons_spellbooks:uncommon_ink":1,"minecraft:rotten_flesh":51,"iceandfire:dragon_skull_ice":1,"minecraft:salmon":3,"minecraft:carrot":1,"minecraft:suspicious_stew":1,"minecraft:filled_map":4,"minecraft:gunpowder":1,"minecraft:spruce_planks":63,"iceandfire:bestiary":3,"iceandfire:frost_lily":1,"minecraft:spider_eye":1,"minecraft:powered_rail":3,"minecraft:wooden_pickaxe":4,"iceandfire:manuscript":5,"gamma_beasts:fur":8},"minecraft:killed":{"minecraft:spider":3,"enemyexpansion:direwolf":1,"gamma_beasts:sppinto_a":2,"minecraft:chicken":2,"minecraft:cat":1,"minecraft:pig":7,"minecraft:salmon":2,"minecraft:rabbit":1,"enemyexpansion:sprinter":1,"minecraft:zombie":5,"iceandfire:ghost":2,"enemyexpansion:huntsman":1,"minecraft:cow":1},"minecraft:used":{"minecraft:spruce_planks":51,"minecraft:rotten_flesh":1,"minecraft:dirt":8,"iceandfire:copper_sword":103,"minecraft:carrot":2,"minecraft:wooden_axe":42,"gamma_beasts:red_maple_log":1,"minecraft:rabbit_stew":1,"gamma_beasts:red_maple_planks":1,"minecraft:furnace":2,"minecraft:goat_horn":3,"minecraft:potato":20,"minecraft:pumpkin":1,"minecraft:golden_axe":26,"minecraft:golden_boots":1,"minecraft:water_bucket":22,"minecraft:wooden_pickaxe":32,"minecraft:blue_bed":10,"minecraft:glow_berries":7,"minecraft:crafting_table":8,"gamma_beasts:cooked_meat":2,"minecraft:white_bed":2,"minecraft:spruce_log":1,"minecraft:apple":3,"minecraft:bread":15,"minecraft:iron_pickaxe":35,"minecraft:suspicious_stew":2,"minecraft:spruce_trapdoor":2,"minecraft:stone_axe":1,"minecraft:fishing_rod":15,"minecraft:cobblestone":22,"minecraft:cooked_porkchop":6,"minecraft:porkchop":1,"minecraft:bucket":23},"minecraft:custom":{"minecraft:interact_with_smithing_table":2,"minecraft:mob_kills":30,"minecraft:interact_with_crafting_table":40,"minecraft:open_barrel":13,"minecraft:interact_with_campfire":4,"minecraft:leave_game":2,"minecraft:time_since_death":22156,"minecraft:climb_one_cm":305,"minecraft:sprint_one_cm":395079,"minecraft:walk_one_cm":248241,"minecraft:drop":79,"minecraft:talked_to_villager":6,"minecraft:play_time":148116,"minecraft:deaths":11,"minecraft:sneak_time":6530,"minecraft:walk_under_water_one_cm":48055,"minecraft:jump":4216,"minecraft:interact_with_blast_furnace":1,"minecraft:walk_on_water_one_cm":60042,"minecraft:total_world_time":148116,"minecraft:interact_with_furnace":24,"minecraft:interact_with_grindstone":1,"minecraft:sleep_in_bed":15,"minecraft:time_since_rest":22185,"minecraft:damage_taken":4387,"minecraft:trigger_trapped_chest":2,"minecraft:damage_dealt":4478,"minecraft:swim_one_cm":82634,"minecraft:fly_one_cm":952407,"minecraft:open_chest":20,"minecraft:crouch_one_cm":21115,"minecraft:fall_one_cm":100249},"minecraft:picked_up":{"irons_spellbooks:scroll":3,"minecraft:crafting_table":2,"minecraft:wheat":11,"gamma_beasts:fur":16,"irons_spellbooks:affinity_ring":1,"minecraft:wooden_pickaxe":2,"gravestone:obituary":2,"minecraft:string":8,"iceandfire:bestiary":4,"minecraft:spruce_planks":83,"iceandfire:frost_lily":1,"minecraft:beef":1,"gamma_beasts:red_maple_log":11,"minecraft:sugar_cane":25,"minecraft:spruce_trapdoor":2,"minecraft:furnace":1,"minecraft:stick":4,"iceandfire:dragonbone":46,"minecraft:torch":12,"minecraft:porkchop":16,"minecraft:carrot":2,"iceandfire:dragon_skull_ice":3,"minecraft:rotten_flesh":59,"minecraft:cobblestone":43,"minecraft:feather":3,"minecraft:salmon":9,"minecraft:leather":6,"minecraft:potato":23,"irons_spellbooks:silver_ring":4,"minecraft:filled_map":5,"gamma_beasts:red_maple_planks":10,"minecraft:gunpowder":1,"minecraft:dirt":17,"minecraft:blue_bed":11,"irons_spellbooks:common_ink":1,"minecraft:coast_armor_trim_smithing_template":1,"gamma_beasts:meat":2,"minecraft:wheat_seeds":2,"minecraft:rabbit":1,"minecraft:powered_rail":1,"minecraft:sweet_berries":34,"irons_spellbooks:legendary_ink":1,"minecraft:cooked_porkchop":4,"minecraft:pumpkin":2,"iceandfire:podium_spruce":2,"minecraft:stripped_spruce_log":2,"minecraft:white_bed":3,"minecraft:spruce_log":33,"minecraft:spider_eye":1,"minecraft:coal":2},"minecraft:mined":{"minecraft:dark_oak_planks":1,"minecraft:spruce_planks":3,"minecraft:white_bed":2,"minecraft:spruce_trapdoor":2,"gravestone:gravestone":9,"minecraft:grass_block":10,"minecraft:spruce_leaves":15,"minecraft:large_fern":3,"minecraft:furnace":1,"minecraft:carrots":4,"minecraft:andesite":1,"minecraft:pumpkin":1,"minecraft:bookshelf":8,"minecraft:potatoes":26,"minecraft:vine":2,"minecraft:dirt_path":1,"minecraft:packed_ice":15,"minecraft:stone":42,"iceandfire:podium_spruce":1,"minecraft:podzol":1,"gamma_beasts:red_maple_planks":2,"minecraft:crafting_table":1,"minecraft:tall_grass":1,"minecraft:cobblestone":2,"minecraft:sugar_cane":4,"minecraft:blue_bed":10,"minecraft:spruce_stairs":1,"minecraft:sweet_berry_bush":18,"minecraft:wheat":1,"minecraft:spruce_log":35,"minecraft:dirt":10,"gamma_beasts:red_maple_log":8,"minecraft:fern":3},"minecraft:crafted":{"minecraft:wooden_sword":1,"gamma_beasts:red_maple_planks":16,"iceandfire:dragon_stick":1,"minecraft:furnace":1,"minecraft:chest":1,"gamma_beasts:cooked_meat":2,"minecraft:cooked_beef":3,"sophisticatedbackpacks:backpack":1,"minecraft:cooked_porkchop":10,"minecraft:crafting_table":7,"minecraft:spruce_planks":128,"minecraft:wooden_pickaxe":2,"minecraft:bucket":1,"minecraft:stone_axe":1,"minecraft:air":0,"minecraft:shield":1,"minecraft:stick":24,"minecraft:iron_pickaxe":1,"minecraft:iron_ingot":3,"minecraft:wooden_axe":2}},"DataVersion":3465}