{"stats":{"minecraft:mined":{"minecraft:dark_oak_planks":1,"minecraft:spruce_planks":68,"minecraft:white_bed":13,"minecraft:farmland":10,"minecraft:obsidian":2,"minecraft:spruce_trapdoor":3,"minecraft:stone_brick_wall":10,"minecraft:grass_block":426,"minecraft:cave_vines_plant":1,"minecraft:granite":81,"minecraft:budding_amethyst":1,"minecraft:yellow_carpet":1,"minecraft:light_gray_bed":1,"minecraft:crimson_fungus":1,"minecraft:composter":4,"minecraft:hopper":2,"minecraft:nether_wart":2,"minecraft:chiseled_stone_bricks":2,"minecraft:spawner":5,"minecraft:iron_ore":121,"minecraft:fire":17,"minecraft:cobbled_deepslate":32,"minecraft:pumpkin":17,"minecraft:anvil":2,"minecraft:deepslate_lapis_ore":7,"minecraft:nether_brick_stairs":2,"minecraft:enchanting_table":1,"minecraft:water_cauldron":1,"minecraft:dirt_path":4,"minecraft:cave_vines":6,"minecraft:iron_bars":7,"minecraft:purple_carpet":4,"tetra:scroll_wall":1,"minecraft:spruce_slab":48,"minecraft:deepslate_redstone_ore":4,"gamma_beasts:red_maple_planks":10,"tetra:scroll_rolled":1,"minecraft:clay":2,"minecraft:torch":2,"iceandfire:dragon_ice_spikes":22,"minecraft:blast_furnace":1,"minecraft:melon":1,"minecraft:poppy":1,"minecraft:chest":6,"iceandfire:sapphire_ore":6,"minecraft:spruce_wall_sign":2,"minecraft:nether_quartz_ore":20,"minecraft:cobblestone":138,"minecraft:oak_planks":9,"minecraft:sugar_cane":4,"minecraft:cyan_bed":1,"minecraft:iron_door":12,"minecraft:wall_torch":2,"minecraft:warped_nylium":1,"minecraft:wheat":1,"minecraft:blue_ice":2,"minecraft:smooth_stone_slab":1,"gamma_beasts:red_maple_stairs":2,"minecraft:stone_brick_stairs":3,"minecraft:grass":40,"minecraft:oak_log":1,"minecraft:sand":23,"minecraft:dirt":239,"gamma_beasts:red_maple_log":8,"minecraft:netherrack":41,"minecraft:deepslate":112,"minecraft:diamond_ore":1,"minecraft:nether_gold_ore":2,"minecraft:tuff":1,"minecraft:red_carpet":1,"iceandfire:silver_ore":7,"minecraft:mossy_cobblestone":10,"minecraft:deepslate_diamond_ore":4,"minecraft:candle":1,"tetra:block_geode":1,"gravestone:gravestone":47,"minecraft:chiseled_bookshelf":4,"minecraft:glow_lichen":1,"minecraft:spruce_fence":6,"minecraft:decorated_pot":1,"iceandfire:deepslate_silver_ore":1,"minecraft:polished_andesite_slab":1,"minecraft:spruce_leaves":34,"minecraft:moss_block":1,"minecraft:large_fern":3,"minecraft:spore_blossom":1,"minecraft:redstone_ore":1,"minecraft:oak_trapdoor":6,"minecraft:furnace":4,"minecraft:carrots":4,"minecraft:nether_sprouts":2,"minecraft:snow":52,"gamma_beasts:prehnite_ore":32,"minecraft:andesite":77,"minecraft:stripped_spruce_log":21,"minecraft:bell":4,"minecraft:bookshelf":13,"minecraft:potatoes":58,"minecraft:cobblestone_slab":1,"minecraft:deepslate_iron_ore":3,"minecraft:vine":2,"minecraft:rail":4,"minecraft:warped_stem":1,"minecraft:lantern":2,"minecraft:stripped_oak_log":5,"minecraft:packed_ice":18,"minecraft:stone":825,"iceandfire:podium_spruce":1,"minecraft:bone_block":21,"minecraft:ender_chest":1,"minecraft:podzol":1,"minecraft:infested_stone_bricks":4,"minecraft:brown_carpet":1,"minecraft:stone_brick_slab":1,"minecraft:dandelion":1,"minecraft:oak_fence":1,"minecraft:crafting_table":6,"minecraft:oak_wood":7,"minecraft:warped_roots":4,"minecraft:copper_ore":19,"minecraft:tall_grass":3,"minecraft:lapis_ore":6,"minecraft:deepslate_gold_ore":7,"minecraft:diorite":45,"minecraft:blue_bed":10,"minecraft:warped_wart_block":4,"minecraft:spruce_stairs":8,"minecraft:cobblestone_wall":4,"minecraft:spruce_log":125,"minecraft:sweet_berry_bush":18,"minecraft:ice":113,"minecraft:coal_ore":70,"minecraft:potted_azure_bluet":1,"minecraft:gravel":18,"minecraft:dripstone_block":17,"minecraft:cobweb":1,"minecraft:cracked_stone_bricks":11,"minecraft:polished_andesite":4,"minecraft:stone_bricks":155,"minecraft:mossy_stone_bricks":1,"minecraft:iron_trapdoor":2,"minecraft:fern":3},"minecraft:dropped":{"minecraft:porkchop":6,"minecraft:lapis_lazuli":1,"minecraft:cooked_beef":4,"minecraft:glass_bottle":4,"minecraft:crafting_table":2,"minecraft:decorated_pot":1,"minecraft:glow_berries":1,"minecraft:warped_roots":7,"minecraft:lantern":8,"minecraft:leather":3,"iceandfire:ectoplasm":1,"minecraft:cracked_stone_bricks":4,"minecraft:rail":7,"minecraft:red_carpet":22,"minecraft:emerald":1,"minecraft:flint":1,"minecraft:dirt":24,"minecraft:snowball":70,"minecraft:bone_meal":2,"gravestone:obituary":139,"gamma_beasts:red_maple_log":6,"minecraft:sugar":3,"minecraft:fishing_rod":1,"minecraft:white_wool":5,"minecraft:blue_bed":1,"minecraft:cauldron":1,"minecraft:gold_ingot":1,"minecraft:bone":7,"minecraft:gravel":9,"minecraft:crimson_fungus":1,"minecraft:prize_pottery_sherd":4,"minecraft:stone_axe":2,"minecraft:blackstone":2,"minecraft:sugar_cane":11,"minecraft:polished_andesite_slab":4,"minecraft:iron_nugget":5,"minecraft:cobbled_deepslate":41,"minecraft:wheat":2,"minecraft:pointed_dripstone":4,"minecraft:rotten_flesh":69,"minecraft:oak_planks":8,"minecraft:warped_sign":2,"minecraft:azure_bluet":1,"iceandfire:frozen_grass":2,"minecraft:salmon":4,"minecraft:carrot":1,"minecraft:chiseled_stone_bricks":2,"minecraft:poppy":9,"minecraft:leather_chestplate":1,"minecraft:gunpowder":1,"minecraft:stone_brick_wall":7,"iceandfire:bestiary":3,"iceandfire:frost_lily":1,"minecraft:spruce_slab":7,"minecraft:iron_bars":4,"minecraft:powered_rail":3,"minecraft:stone_brick_stairs":2,"iceandfire:silver_pickaxe":1,"iceandfire:manuscript":5,"gamma_beasts:fur":8,"minecraft:egg":6,"minecraft:bread":16,"minecraft:golden_boots":1,"minecraft:stone_hoe":2,"minecraft:iron_ingot":25,"minecraft:stripped_spruce_log":1,"minecraft:netherite_pickaxe":1,"minecraft:wheat_seeds":6,"irons_spellbooks:legendary_ink":1,"weaponmaster:tutorialbook":1,"minecraft:dripstone_block":13,"minecraft:plenty_pottery_sherd":6,"minecraft:iron_helmet":1,"minecraft:feather":3,"minecraft:oak_fence":3,"minecraft:cobblestone":91,"minecraft:knowledge_book":1,"minecraft:book":3,"iceandfire:dragon_stick":1,"minecraft:granite":18,"gamma_beasts:prehnite_pickaxe":1,"minecraft:yellow_carpet":33,"iceandfire:dragon_flute":1,"minecraft:stick":22,"minecraft:cobweb":1,"irons_spellbooks:affinity_ring":1,"gamma_beasts:red_maple_planks":11,"iceandfire:podium_spruce":2,"minecraft:diorite":23,"minecraft:wooden_hoe":1,"minecraft:torch":27,"gamma_beasts:spruce_leaf":8,"minecraft:wooden_axe":1,"minecraft:rabbit":1,"minecraft:iron_door":10,"minecraft:cooked_salmon":6,"minecraft:potion":2,"minecraft:iron_leggings":2,"minecraft:pumpkin":1,"minecraft:flowering_azalea":4,"minecraft:iron_axe":2,"minecraft:spruce_sapling":6,"minecraft:paper":48,"minecraft:string":14,"minecraft:redstone":1,"minecraft:stone_brick_slab":2,"minecraft:sweet_berries":42,"minecraft:cobblestone_wall":3,"minecraft:smooth_stone_slab":1,"minecraft:bowl":1,"irons_spellbooks:uncommon_ink":1,"minecraft:raw_iron":17,"minecraft:composter":1,"minecraft:stone_shovel":1,"minecraft:iron_boots":2,"iceandfire:dragon_skull_ice":2,"minecraft:spruce_fence":6,"minecraft:pumpkin_seeds":4,"minecraft:red_terracotta":1,"minecraft:suspicious_stew":1,"minecraft:blast_furnace":1,"gamma_beasts:red_maple_stairs":1,"minecraft:filled_map":4,"minecraft:diamond_sword":1,"minecraft:potato":2,"minecraft:cobblestone_slab":18,"minecraft:spruce_boat":5,"minecraft:stone":5,"iceandfire:copper_sword":2,"minecraft:spruce_trapdoor":6,"minecraft:spruce_planks":93,"minecraft:diamond_pickaxe":1,"minecraft:iron_chestplate":3,"minecraft:andesite":1,"minecraft:mossy_stone_bricks":1,"minecraft:light_blue_carpet":1,"minecraft:light_gray_bed":1,"minecraft:stone_bricks":49,"minecraft:spider_eye":2,"minecraft:brown_carpet":1,"minecraft:bow":1,"minecraft:wooden_pickaxe":5},"minecraft:killed":{"minecraft:witch":1,"minecraft:spider":16,"enemyexpansion:equestrian":2,"minecraft:skeleton":14,"minecraft:chicken":2,"minecraft:silverfish":9,"minecraft:illusioner":2,"minecraft:piglin_brute":33,"enemyexpansion:vampflyer":1,"minecraft:cat":1,"minecraft:pig":12,"minecraft:salmon":43,"minecraft:iron_golem":5,"irons_spellbooks:necromancer":3,"minecraft:creeper":6,"minecraft:sheep":5,"minecraft:pillager":2,"minecraft:zombie":37,"enemyexpansion:vampire":1,"minecraft:stray":1,"minecraft:cow":6,"enemyexpansion:trollenraged":2,"minecraft:evoker":1,"minecraft:vex":1,"minecraft:vindicator":2,"iceandfire:dread_beast":1,"enemyexpansion:direwolf":15,"gamma_beasts:sppinto_a":2,"enemyexpansion:faller":1,"enemyexpansion:silverqueen":1,"minecraft:rabbit":1,"enemyexpansion:sprinter":9,"enemyexpansion:crawler":2,"iceandfire:ghost":3,"enemyexpansion:huntsman":3,"minecraft:enderman":13},"minecraft:broken":{"minecraft:iron_boots":1,"minecraft:iron_chestplate":1,"minecraft:iron_leggings":1,"iceandfire:silver_shovel":1,"minecraft:stone_shovel":1,"minecraft:leather_helmet":1,"minecraft:stone_hoe":1,"minecraft:wooden_pickaxe":1,"minecraft:shield":4,"gamma_beasts:prehnite_armor_helmet":1,"minecraft:wooden_hoe":2},"minecraft:used":{"minecraft:spruce_slab":44,"minecraft:poppy":2,"minecraft:bone_block":9,"minecraft:decorated_pot":1,"minecraft:chest":10,"minecraft:shield":238,"minecraft:iron_sword":159,"minecraft:warped_sign":3,"minecraft:rotten_flesh":32,"minecraft:bell":5,"minecraft:carrot":2,"minecraft:axolotl_bucket":2,"minecraft:obsidian":10,"minecraft:stripped_spruce_log":9,"minecraft:spruce_boat":19,"minecraft:lava_bucket":15,"minecraft:hopper_minecart":4,"minecraft:stone_bricks":74,"minecraft:rabbit_stew":1,"minecraft:brown_carpet":1,"minecraft:bow":20,"gamma_beasts:red_maple_planks":45,"minecraft:sweet_berries":43,"minecraft:furnace":8,"minecraft:potato":147,"minecraft:golden_boots":1,"minecraft:mossy_stone_bricks":1,"minecraft:diorite":7,"minecraft:oak_planks":10,"minecraft:stone_pickaxe":71,"minecraft:blackstone":1,"minecraft:wooden_pickaxe":113,"minecraft:blue_bed":10,"minecraft:composter":4,"minecraft:glow_berries":7,"gamma_beasts:red_maple_slab":6,"gamma_beasts:red_maple_stairs":5,"gamma_beasts:prehnite_axe":131,"minecraft:blast_furnace":2,"gamma_beasts:cooked_meat":2,"iceandfire:silver_axe":79,"gamma_beasts:blackberry":4,"iceandfire:silver_pickaxe":69,"waystones:waystone":2,"minecraft:melon_slice":21,"minecraft:bread":35,"minecraft:cyan_bed":1,"minecraft:red_terracotta":3,"minecraft:gravel":3,"minecraft:diamond_sword":907,"minecraft:andesite":34,"minecraft:oak_trapdoor":9,"minecraft:bone_meal":6,"minecraft:enchanting_table":1,"minecraft:flint_and_steel":2,"minecraft:stone_shovel":65,"minecraft:spruce_planks":223,"minecraft:cooked_salmon":21,"minecraft:stone_hoe":171,"minecraft:netherrack":41,"minecraft:torch":36,"minecraft:dirt":231,"minecraft:warped_wart_block":3,"minecraft:anvil":2,"iceandfire:copper_sword":223,"minecraft:hopper":7,"minecraft:spruce_stairs":5,"minecraft:cobblestone_wall":3,"tetra:scroll_rolled":2,"minecraft:granite":44,"minecraft:wooden_axe":42,"minecraft:bookshelf":9,"gamma_beasts:red_maple_log":1,"minecraft:iron_axe":203,"minecraft:basalt":1,"minecraft:goat_horn":3,"minecraft:knowledge_book":21,"minecraft:pumpkin":8,"minecraft:cooked_beef":11,"minecraft:golden_axe":26,"minecraft:cobbled_deepslate":126,"minecraft:iron_leggings":1,"minecraft:cooked_mutton":7,"minecraft:water_bucket":140,"minecraft:polished_andesite":2,"minecraft:baked_potato":35,"minecraft:spruce_sign":6,"minecraft:cobblestone_slab":4,"minecraft:spruce_fence_gate":3,"minecraft:cracked_stone_bricks":1,"minecraft:salmon":19,"minecraft:rail":4,"minecraft:crafting_table":26,"minecraft:white_bed":17,"minecraft:spruce_log":1,"minecraft:smoker":1,"minecraft:wooden_hoe":167,"minecraft:diamond_pickaxe":1507,"minecraft:apple":7,"minecraft:spruce_trapdoor":10,"minecraft:iron_pickaxe":414,"minecraft:suspicious_stew":2,"minecraft:stone_axe":1,"minecraft:fishing_rod":15,"minecraft:cobblestone":691,"minecraft:potion":1,"minecraft:porkchop":3,"minecraft:cooked_porkchop":18,"minecraft:warped_fence_gate":1,"minecraft:bucket":158,"minecraft:stripped_oak_log":1,"iceandfire:silver_shovel":466},"minecraft:picked_up":{"irons_spellbooks:scroll":3,"minecraft:iron_chestplate":2,"minecraft:wheat":13,"irons_spellbooks:affinity_ring":1,"iceandfire:copper_sword":2,"minecraft:anvil":2,"minecraft:flower_pot":1,"gamma_beasts:fur":16,"minecraft:diamond_sword":1,"minecraft:enchanted_book":2,"minecraft:potion":1,"minecraft:knowledge_book":2,"minecraft:stone_brick_stairs":3,"minecraft:string":34,"minecraft:raw_copper":53,"minecraft:smooth_stone_slab":1,"minecraft:iron_leggings":1,"irons_spellbooks:arcane_essence":4,"minecraft:gold_nugget":6,"minecraft:cobbled_deepslate":231,"bosses_of_mass_destruction:soul_star":1,"minecraft:spruce_planks":337,"iceandfire:frost_lily":1,"minecraft:cobblestone_slab":10,"minecraft:hopper_minecart":4,"minecraft:melon_slice":21,"minecraft:furnace":4,"minecraft:stick":12,"minecraft:composter":5,"minecraft:oak_fence":6,"minecraft:torch":24,"minecraft:spruce_stairs":11,"minecraft:porkchop":26,"minecraft:pointed_dripstone":6,"minecraft:diorite":30,"gamma_beasts:red_maple_stairs":2,"minecraft:cauldron":1,"minecraft:brown_carpet":2,"minecraft:light_gray_bed":1,"minecraft:rotten_flesh":87,"gamma_beasts:coal_nugget":14,"minecraft:obsidian":13,"minecraft:iron_bars":7,"minecraft:snowball":108,"minecraft:cobblestone":907,"minecraft:enchanting_table":1,"iceandfire:sapphire_gem":6,"minecraft:feather":3,"minecraft:cooked_beef":4,"minecraft:iron_door":11,"minecraft:andesite":73,"minecraft:potato":100,"gamma_beasts:prehnite":29,"paraglider:spirit_orb":8,"minecraft:flint":5,"minecraft:lapis_lazuli":90,"irons_spellbooks:concentration_amulet":1,"minecraft:dirt":388,"minecraft:lantern":8,"minecraft:name_tag":1,"minecraft:purple_carpet":7,"minecraft:bone":15,"tetra:scroll_rolled":2,"minecraft:bow":2,"minecraft:wheat_seeds":8,"minecraft:raw_gold":7,"minecraft:bell":5,"minecraft:mossy_stone_bricks":2,"minecraft:rabbit":2,"minecraft:glowstone_dust":1,"minecraft:powered_rail":1,"minecraft:stone_hoe":3,"minecraft:oak_planks":29,"minecraft:cooked_porkchop":4,"irons_spellbooks:frozen_bone":2,"iceandfire:podium_spruce":2,"irons_spellbooks:legendary_ink":1,"minecraft:warped_wart_block":3,"minecraft:sand":14,"minecraft:stripped_spruce_log":16,"minecraft:warped_fence_gate":1,"minecraft:cyan_bed":1,"minecraft:red_terracotta":4,"minecraft:mossy_cobblestone":9,"minecraft:polished_andesite":2,"minecraft:spruce_fence_gate":1,"minecraft:yellow_carpet":33,"minecraft:sugar":6,"minecraft:diamond":8,"minecraft:spruce_boat":16,"waystones:waystone":1,"minecraft:crossbow":1,"minecraft:granite":87,"minecraft:bone_meal":2,"minecraft:spruce_sign":3,"minecraft:bread":13,"minecraft:emerald":5,"minecraft:plenty_pottery_sherd":6,"minecraft:netherrack":44,"iceandfire:raw_silver":8,"minecraft:spruce_leaves":2,"minecraft:crafting_table":8,"minecraft:azure_bluet":1,"minecraft:nether_wart":4,"irons_spellbooks:tarnished_helmet":1,"minecraft:wooden_pickaxe":4,"minecraft:stone_brick_wall":10,"gravestone:obituary":117,"minecraft:shield":1,"iceandfire:frozen_grass":2,"minecraft:oak_trapdoor":7,"minecraft:iron_axe":2,"iceandfire:bestiary":4,"minecraft:cracked_stone_bricks":9,"minecraft:beef":10,"gamma_beasts:red_maple_log":11,"minecraft:poppy":11,"minecraft:spruce_slab":43,"minecraft:sugar_cane":25,"minecraft:chest":6,"minecraft:spruce_trapdoor":10,"minecraft:egg":6,"minecraft:raw_iron":139,"iceandfire:dragonbone":51,"minecraft:stone":5,"minecraft:bowl":1,"sophisticatedbackpacks:backpack":4,"minecraft:spruce_fence":6,"minecraft:carrot":2,"minecraft:redstone":24,"minecraft:netherite_pickaxe":1,"iceandfire:dragon_skull_ice":4,"minecraft:arrow":18,"minecraft:stone_shovel":2,"minecraft:decorated_pot":3,"minecraft:warped_sign":3,"minecraft:totem_of_undying":1,"minecraft:mutton":8,"minecraft:white_wool":9,"minecraft:bone_block":20,"minecraft:rail":22,"minecraft:stripped_oak_log":5,"iceandfire:silver_axe":1,"minecraft:netherite_boots":3,"minecraft:salmon":30,"minecraft:leather":11,"irons_spellbooks:silver_ring":8,"minecraft:filled_map":5,"minecraft:crimson_fungus":1,"gamma_beasts:red_maple_planks":106,"minecraft:oak_log":6,"iceandfire:ectoplasm":2,"minecraft:cobblestone_wall":8,"minecraft:gunpowder":5,"iceandfire:dragonscales_blue":11,"minecraft:blue_bed":11,"minecraft:paper":2,"minecraft:white_banner":1,"irons_spellbooks:common_ink":1,"minecraft:coast_armor_trim_smithing_template":1,"minecraft:red_carpet":22,"minecraft:stone_bricks":133,"gamma_beasts:meat":2,"minecraft:warped_stem":1,"minecraft:iron_ingot":52,"minecraft:glass_bottle":2,"minecraft:polished_andesite_slab":4,"minecraft:iron_sword":1,"minecraft:flowering_azalea":4,"minecraft:book":80,"minecraft:pumpkin":19,"minecraft:sweet_berries":76,"minecraft:chiseled_stone_bricks":2,"minecraft:stone_brick_slab":3,"minecraft:quartz":17,"minecraft:dripstone_block":39,"minecraft:gravel":15,"minecraft:prize_pottery_sherd":4,"minecraft:amethyst_shard":4,"minecraft:blast_furnace":2,"minecraft:spruce_sapling":12,"minecraft:spruce_log":121,"minecraft:white_bed":18,"gamma_beasts:blackberry":4,"minecraft:spider_eye":2,"gamma_beasts:spruce_leaf":15,"gamma_beasts:prehnite_pickaxe":1,"minecraft:oak_wood":7,"iceandfire:dragon_flute":1,"iceandfire:silver_pickaxe":1,"minecraft:pumpkin_seeds":4,"tetra:geode":1,"minecraft:stone_axe":1,"minecraft:light_blue_carpet":1,"minecraft:warped_roots":7,"minecraft:coal":66,"minecraft:hopper":6,"minecraft:ender_pearl":6},"minecraft:crafted":{"minecraft:smooth_stone":3,"minecraft:oak_planks":52,"gamma_beasts:red_maple_planks":16,"minecraft:cobblestone_slab":12,"iceandfire:silver_shovel":1,"waystones:waystone":1,"minecraft:stone":5,"minecraft:bookshelf":9,"minecraft:cooked_mutton":7,"minecraft:warped_planks":4,"minecraft:hopper":1,"minecraft:iron_boots":2,"minecraft:netherite_boots":2,"minecraft:chest":7,"gamma_beasts:prehnite_armor_helmet":1,"gamma_beasts:cooked_meat":2,"gamma_beasts:red_maple_stairs":4,"minecraft:smoker":1,"gamma_beasts:prehnite_armor_boots":1,"sophisticatedbackpacks:backpack":2,"minecraft:cooked_porkchop":14,"minecraft:crafting_table":20,"minecraft:spruce_planks":264,"minecraft:iron_helmet":2,"minecraft:wooden_pickaxe":5,"minecraft:baked_potato":47,"waystones:warp_stone":1,"minecraft:spruce_trapdoor":6,"minecraft:iron_chestplate":3,"minecraft:wooden_hoe":4,"minecraft:diamond_pickaxe":2,"minecraft:shield":4,"minecraft:stick":84,"minecraft:iron_ingot":94,"minecraft:iron_pickaxe":2,"minecraft:spruce_fence_gate":3,"minecraft:wooden_sword":1,"minecraft:stone_shovel":1,"iceandfire:dragon_stick":1,"minecraft:furnace":6,"minecraft:blast_furnace":1,"minecraft:bone_meal":6,"minecraft:warped_trapdoor":4,"minecraft:flint_and_steel":2,"minecraft:iron_axe":1,"minecraft:spruce_slab":6,"minecraft:stone_pickaxe":1,"minecraft:spruce_boat":8,"sophisticatedbackpacks:iron_backpack":1,"minecraft:cooked_beef":11,"minecraft:diamond_sword":1,"gamma_beasts:prehnite_axe":1,"iceandfire:silver_ingot":4,"minecraft:spruce_sign":3,"minecraft:iron_sword":2,"minecraft:cooked_salmon":27,"minecraft:bucket":1,"minecraft:stone_axe":1,"minecraft:air":0,"minecraft:warped_sign":12,"minecraft:wooden_axe":2,"gamma_beasts:red_maple_slab":6,"minecraft:iron_leggings":3,"minecraft:white_bed":1,"minecraft:torch":28},"minecraft:custom":{"minecraft:interact_with_crafting_table":175,"minecraft:open_barrel":70,"minecraft:bell_ring":51,"minecraft:eat_cake_slice":2,"minecraft:leave_game":9,"minecraft:time_since_death":101007,"minecraft:damage_resisted":83,"minecraft:sprint_one_cm":1765774,"minecraft:damage_blocked_by_shield":10587,"minecraft:drop":458,"minecraft:talked_to_villager":32,"minecraft:play_time":801477,"minecraft:deaths":52,"minecraft:jump":15981,"minecraft:walk_on_water_one_cm":139421,"minecraft:enchant_item":6,"minecraft:interact_with_furnace":133,"minecraft:sleep_in_bed":36,"minecraft:waystone_activated":2,"minecraft:open_enderchest":3,"minecraft:damage_dealt":63917,"minecraft:player_kills":1,"minecraft:crouch_one_cm":308570,"minecraft:interact_with_smoker":12,"minecraft:interact_with_smithing_table":6,"minecraft:inspect_dispenser":5,"minecraft:interact_with_anvil":8,"minecraft:mob_kills":271,"minecraft:inspect_hopper":5,"minecraft:interact_with_campfire":4,"minecraft:damage_dealt_resisted":286,"minecraft:climb_one_cm":5746,"minecraft:walk_one_cm":1609630,"minecraft:sneak_time":90525,"minecraft:walk_under_water_one_cm":107659,"minecraft:boat_one_cm":175674,"minecraft:interact_with_blast_furnace":21,"minecraft:total_world_time":801477,"minecraft:interact_with_grindstone":2,"minecraft:interact_with_stonecutter":2,"minecraft:time_since_rest":1524,"minecraft:damage_taken":22375,"minecraft:trigger_trapped_chest":2,"minecraft:swim_one_cm":204213,"minecraft:fly_one_cm":2901164,"minecraft:open_chest":191,"minecraft:fall_one_cm":335074},"minecraft:killed_by":{"minecraft:evoker":1,"minecraft:vex":2}},"DataVersion":3465}