{"stats":{"minecraft:dropped":{"minecraft:golden_boots":1,"minecraft:porkchop":1,"minecraft:sugar_cane":11,"irons_spellbooks:legendary_ink":1,"weaponmaster:tutorialbook":1,"irons_spellbooks:uncommon_ink":1,"minecraft:feather":1,"minecraft:rotten_flesh":51,"minecraft:glow_berries":1,"iceandfire:dragon_skull_ice":1,"minecraft:salmon":3,"minecraft:carrot":1,"minecraft:rail":7,"minecraft:stick":6,"minecraft:emerald":1,"minecraft:filled_map":4,"minecraft:cobweb":1,"minecraft:gunpowder":1,"irons_spellbooks:affinity_ring":1,"gamma_beasts:red_maple_planks":11,"iceandfire:podium_spruce":1,"minecraft:torch":22,"iceandfire:bestiary":3,"iceandfire:frost_lily":1,"gravestone:obituary":6,"minecraft:spider_eye":1,"minecraft:pumpkin":1,"gamma_beasts:red_maple_log":6,"minecraft:powered_rail":3,"minecraft:wooden_pickaxe":1,"minecraft:paper":46,"minecraft:string":4,"minecraft:fishing_rod":1,"minecraft:blue_bed":1,"iceandfire:manuscript":5,"minecraft:gold_ingot":1},"minecraft:killed":{"minecraft:cat":1,"minecraft:pig":5,"minecraft:salmon":2,"minecraft:spider":3,"minecraft:rabbit":1,"enemyexpansion:sprinter":1,"gamma_beasts:sppinto_a":2,"minecraft:zombie":4,"iceandfire:ghost":2,"enemyexpansion:huntsman":1},"minecraft:custom":{"minecraft:interact_with_smithing_table":2,"minecraft:mob_kills":22,"minecraft:interact_with_crafting_table":22,"minecraft:open_barrel":13,"minecraft:interact_with_campfire":4,"minecraft:interact_with_grindstone":1,"minecraft:leave_game":2,"minecraft:time_since_death":565,"minecraft:sleep_in_bed":15,"minecraft:climb_one_cm":305,"minecraft:time_since_rest":587,"minecraft:sprint_one_cm":331235,"minecraft:damage_taken":3550,"minecraft:walk_one_cm":211648,"minecraft:trigger_trapped_chest":2,"minecraft:drop":56,"minecraft:damage_dealt":3706,"minecraft:swim_one_cm":79875,"minecraft:talked_to_villager":6,"minecraft:fly_one_cm":871429,"minecraft:open_chest":18,"minecraft:play_time":124116,"minecraft:crouch_one_cm":17991,"minecraft:deaths":9,"minecraft:sneak_time":5723,"minecraft:walk_under_water_one_cm":47276,"minecraft:jump":3724,"minecraft:interact_with_blast_furnace":1,"minecraft:walk_on_water_one_cm":58990,"minecraft:total_world_time":124116,"minecraft:fall_one_cm":87127},"minecraft:used":{"minecraft:golden_boots":1,"minecraft:water_bucket":20,"minecraft:spruce_planks":24,"minecraft:wooden_pickaxe":17,"minecraft:blue_bed":10,"minecraft:rotten_flesh":1,"minecraft:glow_berries":7,"minecraft:dirt":8,"iceandfire:copper_sword":78,"minecraft:crafting_table":5,"minecraft:carrot":2,"minecraft:white_bed":2,"minecraft:wooden_axe":42,"minecraft:apple":3,"gamma_beasts:red_maple_log":1,"minecraft:suspicious_stew":2,"minecraft:bread":15,"minecraft:spruce_trapdoor":2,"minecraft:rabbit_stew":1,"minecraft:fishing_rod":15,"minecraft:cobblestone":16,"minecraft:porkchop":1,"minecraft:goat_horn":3,"minecraft:cooked_porkchop":4,"minecraft:bucket":21,"minecraft:potato":20,"minecraft:pumpkin":1},"minecraft:mined":{"minecraft:dark_oak_planks":1,"minecraft:spruce_planks":3,"minecraft:white_bed":2,"minecraft:crafting_table":1,"minecraft:spruce_trapdoor":2,"gravestone:gravestone":8,"minecraft:grass_block":6,"minecraft:tall_grass":1,"minecraft:spruce_leaves":10,"minecraft:sugar_cane":4,"minecraft:blue_bed":10,"minecraft:large_fern":1,"minecraft:spruce_stairs":1,"minecraft:carrots":4,"minecraft:wheat":1,"minecraft:spruce_log":11,"minecraft:andesite":1,"minecraft:pumpkin":1,"minecraft:dirt_path":1,"minecraft:bookshelf":8,"minecraft:potatoes":26,"minecraft:vine":2,"minecraft:dirt":4,"minecraft:packed_ice":15,"minecraft:stone":16,"iceandfire:podium_spruce":1,"gamma_beasts:red_maple_log":8,"minecraft:fern":1},"minecraft:picked_up":{"irons_spellbooks:scroll":3,"minecraft:crafting_table":1,"minecraft:wheat":11,"minecraft:feather":1,"minecraft:salmon":9,"irons_spellbooks:affinity_ring":1,"gamma_beasts:fur":8,"irons_spellbooks:silver_ring":2,"minecraft:potato":23,"minecraft:filled_map":5,"gamma_beasts:red_maple_planks":8,"gravestone:obituary":1,"minecraft:gunpowder":1,"minecraft:blue_bed":11,"minecraft:dirt":9,"minecraft:string":8,"irons_spellbooks:common_ink":1,"minecraft:coast_armor_trim_smithing_template":1,"iceandfire:bestiary":4,"minecraft:wheat_seeds":1,"gamma_beasts:meat":2,"iceandfire:frost_lily":1,"gamma_beasts:red_maple_log":11,"minecraft:rabbit":1,"minecraft:powered_rail":1,"minecraft:sugar_cane":25,"minecraft:spruce_trapdoor":2,"minecraft:stick":4,"iceandfire:dragonbone":46,"minecraft:cooked_porkchop":4,"iceandfire:podium_spruce":2,"minecraft:pumpkin":2,"irons_spellbooks:legendary_ink":1,"minecraft:torch":11,"minecraft:porkchop":11,"minecraft:carrot":2,"minecraft:white_bed":3,"minecraft:spruce_log":11,"minecraft:spider_eye":1,"iceandfire:dragon_skull_ice":3,"minecraft:rotten_flesh":56,"minecraft:coal":2,"minecraft:cobblestone":16},"minecraft:crafted":{"minecraft:wooden_sword":1,"gamma_beasts:red_maple_planks":16,"minecraft:crafting_table":4,"minecraft:spruce_planks":44,"minecraft:wooden_pickaxe":1,"iceandfire:dragon_stick":1,"minecraft:bucket":1,"minecraft:stick":12,"minecraft:wooden_axe":2}},"DataVersion":3465}