{"stats":{"minecraft:killed":{"minecraft:witch":1,"minecraft:spider":13,"enemyexpansion:equestrian":1,"minecraft:skeleton":12,"minecraft:chicken":2,"minecraft:silverfish":9,"minecraft:illusioner":2,"enemyexpansion:vampflyer":1,"minecraft:cat":1,"minecraft:pig":12,"minecraft:salmon":2,"minecraft:creeper":4,"irons_spellbooks:necromancer":3,"minecraft:sheep":2,"minecraft:pillager":2,"minecraft:zombie":30,"minecraft:cow":5,"enemyexpansion:trollenraged":2,"minecraft:evoker":1,"minecraft:vex":1,"minecraft:vindicator":2,"iceandfire:dread_beast":1,"enemyexpansion:direwolf":8,"gamma_beasts:sppinto_a":2,"enemyexpansion:silverqueen":1,"minecraft:rabbit":1,"enemyexpansion:sprinter":5,"iceandfire:ghost":2,"enemyexpansion:huntsman":2},"minecraft:custom":{"minecraft:interact_with_crafting_table":121,"minecraft:open_barrel":70,"minecraft:bell_ring":51,"minecraft:eat_cake_slice":2,"minecraft:leave_game":5,"minecraft:time_since_death":7862,"minecraft:damage_resisted":83,"minecraft:sprint_one_cm":1297362,"minecraft:damage_blocked_by_shield":9547,"minecraft:drop":391,"minecraft:talked_to_villager":32,"minecraft:play_time":541059,"minecraft:deaths":50,"minecraft:jump":11122,"minecraft:walk_on_water_one_cm":99773,"minecraft:enchant_item":6,"minecraft:interact_with_furnace":86,"minecraft:sleep_in_bed":31,"minecraft:waystone_activated":1,"minecraft:open_enderchest":3,"minecraft:damage_dealt":28053,"minecraft:crouch_one_cm":176815,"minecraft:interact_with_smoker":12,"minecraft:interact_with_smithing_table":4,"minecraft:inspect_dispenser":3,"minecraft:interact_with_anvil":3,"minecraft:mob_kills":141,"minecraft:interact_with_campfire":4,"minecraft:damage_dealt_resisted":280,"minecraft:climb_one_cm":3268,"minecraft:walk_one_cm":1214592,"minecraft:sneak_time":51202,"minecraft:walk_under_water_one_cm":66500,"minecraft:boat_one_cm":159705,"minecraft:interact_with_blast_furnace":21,"minecraft:total_world_time":541059,"minecraft:interact_with_grindstone":2,"minecraft:interact_with_stonecutter":1,"minecraft:time_since_rest":7886,"minecraft:damage_taken":19791,"minecraft:trigger_trapped_chest":2,"minecraft:swim_one_cm":106157,"minecraft:fly_one_cm":1892688,"minecraft:open_chest":93,"minecraft:fall_one_cm":222052},"minecraft:killed_by":{"minecraft:evoker":1,"minecraft:vex":2},"minecraft:picked_up":{"irons_spellbooks:scroll":3,"minecraft:iron_chestplate":2,"minecraft:wheat":13,"gamma_beasts:fur":16,"iceandfire:copper_sword":2,"minecraft:flower_pot":1,"minecraft:anvil":2,"irons_spellbooks:affinity_ring":1,"minecraft:diamond_sword":1,"minecraft:potion":1,"minecraft:enchanted_book":2,"minecraft:knowledge_book":2,"minecraft:stone_brick_stairs":3,"minecraft:raw_copper":53,"minecraft:string":34,"minecraft:smooth_stone_slab":1,"minecraft:iron_leggings":1,"irons_spellbooks:arcane_essence":4,"minecraft:cobbled_deepslate":231,"iceandfire:frost_lily":1,"minecraft:spruce_planks":161,"minecraft:hopper_minecart":4,"minecraft:melon_slice":21,"minecraft:furnace":4,"minecraft:stick":11,"minecraft:composter":4,"minecraft:oak_fence":6,"minecraft:torch":19,"minecraft:spruce_stairs":11,"minecraft:porkchop":26,"minecraft:pointed_dripstone":6,"minecraft:diorite":6,"gamma_beasts:red_maple_stairs":2,"minecraft:cauldron":1,"minecraft:brown_carpet":2,"minecraft:light_gray_bed":1,"minecraft:rotten_flesh":73,"gamma_beasts:coal_nugget":11,"minecraft:obsidian":10,"minecraft:iron_bars":5,"minecraft:snowball":85,"minecraft:cobblestone":751,"minecraft:enchanting_table":1,"iceandfire:sapphire_gem":6,"minecraft:feather":3,"minecraft:cooked_beef":1,"minecraft:iron_door":11,"minecraft:andesite":64,"gamma_beasts:prehnite":29,"minecraft:potato":86,"paraglider:spirit_orb":8,"minecraft:flint":4,"irons_spellbooks:concentration_amulet":1,"minecraft:lapis_lazuli":90,"minecraft:dirt":238,"minecraft:lantern":8,"minecraft:name_tag":1,"tetra:scroll_rolled":2,"minecraft:purple_carpet":7,"minecraft:bone":13,"minecraft:bow":1,"minecraft:wheat_seeds":7,"minecraft:raw_gold":7,"minecraft:bell":5,"minecraft:mossy_stone_bricks":2,"minecraft:rabbit":2,"minecraft:glowstone_dust":1,"minecraft:powered_rail":1,"minecraft:stone_hoe":3,"minecraft:oak_planks":23,"irons_spellbooks:frozen_bone":2,"minecraft:cooked_porkchop":4,"iceandfire:podium_spruce":2,"irons_spellbooks:legendary_ink":1,"minecraft:stripped_spruce_log":12,"minecraft:cyan_bed":1,"minecraft:mossy_cobblestone":8,"minecraft:sugar":6,"minecraft:yellow_carpet":33,"minecraft:diamond":8,"minecraft:spruce_boat":11,"waystones:waystone":1,"minecraft:crossbow":1,"minecraft:granite":66,"minecraft:emerald":5,"minecraft:bread":13,"minecraft:plenty_pottery_sherd":6,"minecraft:netherrack":5,"iceandfire:raw_silver":7,"minecraft:spruce_leaves":2,"minecraft:crafting_table":7,"minecraft:azure_bluet":1,"minecraft:nether_wart":4,"irons_spellbooks:tarnished_helmet":1,"minecraft:wooden_pickaxe":4,"minecraft:stone_brick_wall":10,"gravestone:obituary":114,"minecraft:shield":1,"iceandfire:frozen_grass":2,"minecraft:oak_trapdoor":7,"minecraft:cracked_stone_bricks":9,"iceandfire:bestiary":4,"minecraft:beef":10,"gamma_beasts:red_maple_log":11,"minecraft:spruce_slab":42,"minecraft:sugar_cane":25,"minecraft:chest":3,"minecraft:spruce_trapdoor":6,"minecraft:egg":6,"minecraft:raw_iron":139,"iceandfire:dragonbone":51,"minecraft:stone":5,"minecraft:bowl":1,"minecraft:spruce_fence":6,"sophisticatedbackpacks:backpack":4,"minecraft:carrot":2,"minecraft:redstone":23,"iceandfire:dragon_skull_ice":4,"minecraft:arrow":18,"minecraft:stone_shovel":1,"minecraft:decorated_pot":3,"minecraft:totem_of_undying":1,"minecraft:mutton":8,"minecraft:rail":18,"minecraft:white_wool":7,"minecraft:stripped_oak_log":5,"minecraft:salmon":9,"minecraft:leather":11,"irons_spellbooks:silver_ring":8,"minecraft:filled_map":5,"gamma_beasts:red_maple_planks":106,"minecraft:oak_log":6,"minecraft:cobblestone_wall":5,"minecraft:gunpowder":1,"iceandfire:dragonscales_blue":11,"minecraft:blue_bed":11,"minecraft:paper":2,"minecraft:white_banner":1,"irons_spellbooks:common_ink":1,"minecraft:coast_armor_trim_smithing_template":1,"minecraft:red_carpet":22,"minecraft:stone_bricks":127,"gamma_beasts:meat":2,"minecraft:iron_ingot":9,"minecraft:glass_bottle":2,"minecraft:polished_andesite_slab":4,"minecraft:iron_sword":1,"minecraft:flowering_azalea":4,"minecraft:book":80,"minecraft:pumpkin":19,"minecraft:sweet_berries":76,"minecraft:chiseled_stone_bricks":2,"minecraft:stone_brick_slab":3,"minecraft:quartz":14,"minecraft:dripstone_block":39,"minecraft:gravel":12,"minecraft:prize_pottery_sherd":4,"minecraft:blast_furnace":2,"minecraft:white_bed":11,"minecraft:spruce_log":61,"minecraft:spider_eye":2,"gamma_beasts:spruce_leaf":15,"gamma_beasts:prehnite_pickaxe":1,"minecraft:oak_wood":7,"iceandfire:dragon_flute":1,"iceandfire:silver_pickaxe":1,"tetra:geode":1,"minecraft:stone_axe":1,"minecraft:light_blue_carpet":1,"minecraft:coal":62,"minecraft:hopper":4,"minecraft:ender_pearl":1},"minecraft:mined":{"minecraft:dark_oak_planks":1,"minecraft:spruce_planks":50,"minecraft:white_bed":9,"minecraft:farmland":9,"minecraft:obsidian":2,"minecraft:spruce_trapdoor":3,"minecraft:cave_vines_plant":1,"minecraft:granite":64,"minecraft:budding_amethyst":1,"minecraft:stone_brick_wall":10,"minecraft:grass_block":350,"minecraft:yellow_carpet":1,"minecraft:light_gray_bed":1,"minecraft:composter":3,"minecraft:nether_wart":2,"minecraft:chiseled_stone_bricks":2,"minecraft:spawner":4,"minecraft:iron_ore":121,"minecraft:cobbled_deepslate":32,"minecraft:pumpkin":17,"minecraft:anvil":2,"minecraft:deepslate_lapis_ore":7,"minecraft:enchanting_table":1,"minecraft:water_cauldron":1,"minecraft:dirt_path":2,"minecraft:cave_vines":6,"minecraft:iron_bars":5,"minecraft:purple_carpet":4,"tetra:scroll_wall":1,"minecraft:spruce_slab":47,"minecraft:deepslate_redstone_ore":4,"gamma_beasts:red_maple_planks":10,"tetra:scroll_rolled":1,"minecraft:clay":2,"iceandfire:dragon_ice_spikes":22,"minecraft:blast_furnace":1,"minecraft:melon":1,"minecraft:chest":2,"iceandfire:sapphire_ore":6,"minecraft:nether_quartz_ore":16,"minecraft:cobblestone":68,"minecraft:oak_planks":9,"minecraft:cyan_bed":1,"minecraft:sugar_cane":4,"minecraft:iron_door":12,"minecraft:wall_torch":1,"minecraft:wheat":1,"minecraft:blue_ice":2,"gamma_beasts:red_maple_stairs":2,"minecraft:stone_brick_stairs":3,"minecraft:smooth_stone_slab":1,"minecraft:grass":31,"minecraft:dirt":171,"gamma_beasts:red_maple_log":8,"minecraft:netherrack":6,"minecraft:deepslate":112,"minecraft:diamond_ore":1,"minecraft:tuff":1,"minecraft:red_carpet":1,"iceandfire:silver_ore":6,"minecraft:mossy_cobblestone":9,"minecraft:deepslate_diamond_ore":4,"minecraft:candle":1,"tetra:block_geode":1,"gravestone:gravestone":45,"minecraft:chiseled_bookshelf":4,"minecraft:glow_lichen":1,"minecraft:spruce_fence":6,"minecraft:decorated_pot":1,"iceandfire:deepslate_silver_ore":1,"minecraft:polished_andesite_slab":1,"minecraft:spruce_leaves":19,"minecraft:moss_block":1,"minecraft:large_fern":3,"minecraft:spore_blossom":1,"minecraft:redstone_ore":1,"minecraft:oak_trapdoor":6,"minecraft:furnace":4,"minecraft:carrots":4,"minecraft:snow":52,"gamma_beasts:prehnite_ore":30,"minecraft:andesite":70,"minecraft:stripped_spruce_log":14,"minecraft:bell":4,"minecraft:bookshelf":13,"minecraft:deepslate_iron_ore":3,"minecraft:potatoes":55,"minecraft:vine":2,"minecraft:rail":4,"minecraft:lantern":2,"minecraft:stripped_oak_log":5,"minecraft:packed_ice":18,"minecraft:stone":733,"iceandfire:podium_spruce":1,"minecraft:ender_chest":1,"minecraft:podzol":1,"minecraft:infested_stone_bricks":4,"minecraft:brown_carpet":1,"minecraft:stone_brick_slab":1,"minecraft:oak_fence":1,"minecraft:crafting_table":5,"minecraft:oak_wood":7,"minecraft:copper_ore":18,"minecraft:tall_grass":3,"minecraft:deepslate_gold_ore":7,"minecraft:lapis_ore":6,"minecraft:diorite":19,"minecraft:blue_bed":10,"minecraft:spruce_stairs":8,"minecraft:cobblestone_wall":4,"minecraft:sweet_berry_bush":18,"minecraft:ice":8,"minecraft:spruce_log":63,"minecraft:coal_ore":66,"minecraft:potted_azure_bluet":1,"minecraft:gravel":14,"minecraft:dripstone_block":17,"minecraft:cobweb":1,"minecraft:cracked_stone_bricks":11,"minecraft:stone_bricks":153,"minecraft:mossy_stone_bricks":1,"minecraft:iron_trapdoor":2,"minecraft:fern":3},"minecraft:broken":{"minecraft:iron_boots":1,"minecraft:iron_chestplate":1,"minecraft:iron_leggings":1,"iceandfire:silver_shovel":1,"minecraft:leather_helmet":1,"minecraft:wooden_pickaxe":1,"minecraft:stone_hoe":1,"minecraft:shield":4,"gamma_beasts:prehnite_armor_helmet":1,"minecraft:wooden_hoe":2},"minecraft:dropped":{"minecraft:porkchop":6,"minecraft:lapis_lazuli":1,"minecraft:cooked_beef":4,"minecraft:glass_bottle":4,"minecraft:crafting_table":2,"minecraft:decorated_pot":1,"minecraft:glow_berries":1,"minecraft:lantern":5,"minecraft:leather":3,"minecraft:cracked_stone_bricks":4,"minecraft:rail":7,"minecraft:flint":1,"minecraft:red_carpet":22,"minecraft:emerald":1,"minecraft:dirt":20,"minecraft:snowball":54,"gravestone:obituary":138,"gamma_beasts:red_maple_log":6,"minecraft:sugar":3,"minecraft:fishing_rod":1,"minecraft:white_wool":3,"minecraft:blue_bed":1,"minecraft:bone":5,"minecraft:cauldron":1,"minecraft:gold_ingot":1,"minecraft:gravel":9,"minecraft:prize_pottery_sherd":4,"minecraft:stone_axe":2,"minecraft:sugar_cane":11,"minecraft:polished_andesite_slab":4,"minecraft:iron_nugget":5,"minecraft:cobbled_deepslate":41,"minecraft:wheat":2,"minecraft:pointed_dripstone":4,"minecraft:rotten_flesh":61,"minecraft:oak_planks":8,"minecraft:azure_bluet":1,"iceandfire:frozen_grass":2,"minecraft:salmon":3,"minecraft:carrot":1,"minecraft:chiseled_stone_bricks":2,"minecraft:leather_chestplate":1,"minecraft:gunpowder":1,"minecraft:stone_brick_wall":7,"iceandfire:bestiary":3,"iceandfire:frost_lily":1,"minecraft:spruce_slab":7,"minecraft:iron_bars":4,"minecraft:powered_rail":3,"minecraft:stone_brick_stairs":2,"iceandfire:silver_pickaxe":1,"iceandfire:manuscript":5,"gamma_beasts:fur":8,"minecraft:egg":6,"minecraft:bread":16,"minecraft:golden_boots":1,"minecraft:stone_hoe":2,"minecraft:iron_ingot":7,"minecraft:stripped_spruce_log":1,"minecraft:wheat_seeds":5,"irons_spellbooks:legendary_ink":1,"minecraft:dripstone_block":13,"weaponmaster:tutorialbook":1,"minecraft:plenty_pottery_sherd":6,"minecraft:iron_helmet":1,"minecraft:oak_fence":3,"minecraft:feather":3,"minecraft:cobblestone":23,"minecraft:knowledge_book":1,"minecraft:book":3,"iceandfire:dragon_stick":1,"minecraft:granite":17,"gamma_beasts:prehnite_pickaxe":1,"minecraft:yellow_carpet":33,"iceandfire:dragon_flute":1,"minecraft:stick":21,"minecraft:cobweb":1,"irons_spellbooks:affinity_ring":1,"gamma_beasts:red_maple_planks":11,"iceandfire:podium_spruce":2,"minecraft:wooden_hoe":1,"minecraft:torch":25,"gamma_beasts:spruce_leaf":8,"minecraft:wooden_axe":1,"minecraft:iron_door":10,"minecraft:iron_leggings":2,"minecraft:pumpkin":1,"minecraft:flowering_azalea":4,"minecraft:paper":48,"minecraft:string":12,"minecraft:stone_brick_slab":2,"minecraft:sweet_berries":42,"minecraft:smooth_stone_slab":1,"minecraft:bowl":1,"minecraft:raw_iron":17,"irons_spellbooks:uncommon_ink":1,"minecraft:stone_shovel":1,"minecraft:iron_boots":2,"iceandfire:dragon_skull_ice":2,"minecraft:suspicious_stew":1,"minecraft:blast_furnace":1,"gamma_beasts:red_maple_stairs":1,"minecraft:filled_map":4,"minecraft:diamond_sword":1,"minecraft:potato":2,"minecraft:spruce_boat":1,"minecraft:stone":5,"iceandfire:copper_sword":2,"minecraft:spruce_trapdoor":3,"minecraft:spruce_planks":72,"minecraft:iron_chestplate":3,"minecraft:diamond_pickaxe":1,"minecraft:mossy_stone_bricks":1,"minecraft:light_blue_carpet":1,"minecraft:light_gray_bed":1,"minecraft:spider_eye":2,"minecraft:stone_bricks":47,"minecraft:brown_carpet":1,"minecraft:wooden_pickaxe":5},"minecraft:crafted":{"minecraft:smooth_stone":3,"minecraft:oak_planks":52,"gamma_beasts:red_maple_planks":16,"iceandfire:silver_shovel":1,"minecraft:stone":5,"minecraft:bookshelf":9,"minecraft:cooked_mutton":7,"minecraft:iron_boots":2,"minecraft:chest":4,"gamma_beasts:prehnite_armor_helmet":1,"gamma_beasts:cooked_meat":2,"gamma_beasts:red_maple_stairs":4,"minecraft:smoker":1,"gamma_beasts:prehnite_armor_boots":1,"sophisticatedbackpacks:backpack":2,"minecraft:cooked_porkchop":14,"minecraft:crafting_table":17,"minecraft:spruce_planks":252,"minecraft:wooden_pickaxe":5,"minecraft:iron_helmet":2,"minecraft:iron_chestplate":3,"minecraft:wooden_hoe":4,"minecraft:diamond_pickaxe":1,"minecraft:shield":3,"minecraft:stick":56,"minecraft:iron_ingot":75,"minecraft:iron_pickaxe":1,"minecraft:wooden_sword":1,"iceandfire:dragon_stick":1,"minecraft:furnace":5,"minecraft:blast_furnace":1,"minecraft:bone_meal":6,"minecraft:flint_and_steel":1,"minecraft:iron_axe":1,"minecraft:spruce_slab":6,"minecraft:stone_pickaxe":1,"minecraft:spruce_boat":1,"sophisticatedbackpacks:iron_backpack":1,"minecraft:cooked_beef":11,"minecraft:diamond_sword":1,"gamma_beasts:prehnite_axe":1,"iceandfire:silver_ingot":4,"minecraft:iron_sword":2,"minecraft:cooked_salmon":6,"minecraft:bucket":1,"minecraft:stone_axe":1,"minecraft:air":0,"minecraft:wooden_axe":2,"gamma_beasts:red_maple_slab":6,"minecraft:iron_leggings":3,"minecraft:white_bed":1,"minecraft:torch":8},"minecraft:used":{"minecraft:spruce_slab":43,"minecraft:decorated_pot":1,"minecraft:chest":5,"minecraft:shield":217,"minecraft:iron_sword":159,"minecraft:bell":5,"minecraft:rotten_flesh":25,"minecraft:carrot":2,"minecraft:axolotl_bucket":2,"minecraft:obsidian":10,"minecraft:stripped_spruce_log":7,"minecraft:spruce_boat":11,"minecraft:lava_bucket":10,"minecraft:hopper_minecart":4,"minecraft:stone_bricks":74,"minecraft:rabbit_stew":1,"minecraft:brown_carpet":1,"minecraft:bow":7,"gamma_beasts:red_maple_planks":45,"minecraft:sweet_berries":43,"minecraft:furnace":7,"minecraft:potato":103,"minecraft:golden_boots":1,"minecraft:mossy_stone_bricks":1,"minecraft:oak_planks":4,"minecraft:stone_pickaxe":71,"minecraft:wooden_pickaxe":113,"minecraft:composter":4,"minecraft:blue_bed":10,"gamma_beasts:red_maple_stairs":5,"minecraft:glow_berries":7,"gamma_beasts:red_maple_slab":6,"gamma_beasts:prehnite_axe":131,"gamma_beasts:cooked_meat":2,"minecraft:blast_furnace":2,"iceandfire:silver_pickaxe":69,"waystones:waystone":1,"minecraft:melon_slice":21,"minecraft:bread":35,"minecraft:cyan_bed":1,"minecraft:diamond_sword":140,"minecraft:oak_trapdoor":9,"minecraft:bone_meal":6,"minecraft:enchanting_table":1,"minecraft:flint_and_steel":1,"minecraft:stone_shovel":5,"minecraft:spruce_planks":192,"minecraft:cooked_salmon":6,"minecraft:stone_hoe":171,"minecraft:netherrack":5,"minecraft:torch":13,"minecraft:dirt":140,"minecraft:anvil":2,"iceandfire:copper_sword":223,"minecraft:hopper":4,"minecraft:spruce_stairs":5,"minecraft:cobblestone_wall":3,"tetra:scroll_rolled":2,"minecraft:granite":25,"minecraft:wooden_axe":42,"minecraft:bookshelf":9,"gamma_beasts:red_maple_log":1,"minecraft:iron_axe":178,"minecraft:goat_horn":3,"minecraft:cooked_beef":8,"minecraft:cobbled_deepslate":126,"minecraft:pumpkin":8,"minecraft:golden_axe":26,"minecraft:iron_leggings":1,"minecraft:knowledge_book":21,"minecraft:cooked_mutton":7,"minecraft:water_bucket":100,"minecraft:cracked_stone_bricks":1,"minecraft:rail":4,"minecraft:crafting_table":22,"minecraft:white_bed":11,"minecraft:spruce_log":1,"minecraft:smoker":1,"minecraft:diamond_pickaxe":1330,"minecraft:wooden_hoe":156,"minecraft:apple":7,"minecraft:iron_pickaxe":170,"minecraft:suspicious_stew":2,"minecraft:spruce_trapdoor":3,"minecraft:stone_axe":1,"minecraft:fishing_rod":15,"minecraft:cobblestone":409,"minecraft:potion":1,"minecraft:porkchop":3,"minecraft:cooked_porkchop":18,"minecraft:bucket":113,"minecraft:stripped_oak_log":1,"iceandfire:silver_shovel":466}},"DataVersion":3465}