{"stats":{"minecraft:dropped":{"minecraft:porkchop":6,"minecraft:lapis_lazuli":1,"minecraft:cooked_beef":4,"minecraft:glass_bottle":4,"minecraft:crafting_table":2,"minecraft:decorated_pot":1,"minecraft:glow_berries":1,"minecraft:lantern":2,"minecraft:leather":3,"minecraft:cracked_stone_bricks":4,"minecraft:rail":7,"minecraft:red_carpet":22,"minecraft:emerald":1,"minecraft:dirt":17,"minecraft:snowball":54,"gravestone:obituary":134,"gamma_beasts:red_maple_log":6,"minecraft:sugar":3,"minecraft:fishing_rod":1,"minecraft:white_wool":3,"minecraft:blue_bed":1,"minecraft:cauldron":1,"minecraft:gold_ingot":1,"minecraft:bone":5,"minecraft:gravel":9,"minecraft:prize_pottery_sherd":4,"minecraft:stone_axe":2,"minecraft:sugar_cane":11,"minecraft:iron_nugget":5,"minecraft:polished_andesite_slab":4,"minecraft:cobbled_deepslate":41,"minecraft:pointed_dripstone":4,"minecraft:rotten_flesh":61,"minecraft:oak_planks":8,"minecraft:azure_bluet":1,"iceandfire:frozen_grass":2,"minecraft:salmon":3,"minecraft:carrot":1,"minecraft:chiseled_stone_bricks":2,"minecraft:leather_chestplate":1,"minecraft:gunpowder":1,"minecraft:stone_brick_wall":7,"iceandfire:bestiary":3,"iceandfire:frost_lily":1,"minecraft:spruce_slab":7,"minecraft:iron_bars":4,"minecraft:powered_rail":3,"minecraft:stone_brick_stairs":2,"iceandfire:silver_pickaxe":1,"iceandfire:manuscript":5,"gamma_beasts:fur":8,"minecraft:stone_hoe":2,"minecraft:egg":6,"minecraft:bread":13,"minecraft:golden_boots":1,"minecraft:iron_ingot":7,"minecraft:stripped_spruce_log":1,"minecraft:wheat_seeds":5,"irons_spellbooks:legendary_ink":1,"minecraft:dripstone_block":13,"weaponmaster:tutorialbook":1,"minecraft:iron_helmet":1,"minecraft:plenty_pottery_sherd":6,"minecraft:oak_fence":3,"minecraft:feather":3,"minecraft:cobblestone":23,"minecraft:knowledge_book":1,"minecraft:book":3,"iceandfire:dragon_stick":1,"minecraft:granite":17,"gamma_beasts:prehnite_pickaxe":1,"minecraft:yellow_carpet":33,"iceandfire:dragon_flute":1,"minecraft:stick":21,"minecraft:cobweb":1,"irons_spellbooks:affinity_ring":1,"gamma_beasts:red_maple_planks":11,"iceandfire:podium_spruce":2,"minecraft:wooden_hoe":1,"minecraft:torch":25,"minecraft:wooden_axe":1,"minecraft:iron_door":10,"minecraft:iron_leggings":2,"minecraft:pumpkin":1,"minecraft:flowering_azalea":4,"minecraft:paper":48,"minecraft:string":12,"minecraft:stone_brick_slab":2,"minecraft:sweet_berries":42,"minecraft:smooth_stone_slab":1,"minecraft:bowl":1,"minecraft:raw_iron":17,"irons_spellbooks:uncommon_ink":1,"minecraft:stone_shovel":1,"minecraft:iron_boots":2,"iceandfire:dragon_skull_ice":2,"minecraft:suspicious_stew":1,"minecraft:blast_furnace":1,"gamma_beasts:red_maple_stairs":1,"minecraft:filled_map":4,"minecraft:diamond_sword":1,"minecraft:spruce_boat":1,"minecraft:potato":2,"minecraft:stone":5,"iceandfire:copper_sword":2,"minecraft:spruce_trapdoor":3,"minecraft:spruce_planks":70,"minecraft:iron_chestplate":3,"minecraft:diamond_pickaxe":1,"minecraft:mossy_stone_bricks":1,"minecraft:light_blue_carpet":1,"minecraft:light_gray_bed":1,"minecraft:spider_eye":2,"minecraft:stone_bricks":47,"minecraft:brown_carpet":1,"minecraft:wooden_pickaxe":4},"minecraft:killed_by":{"minecraft:evoker":1,"minecraft:vex":2},"minecraft:broken":{"minecraft:iron_boots":1,"minecraft:iron_chestplate":1,"minecraft:iron_leggings":1,"minecraft:leather_helmet":1,"minecraft:stone_hoe":1,"minecraft:shield":3,"gamma_beasts:prehnite_armor_helmet":1,"minecraft:wooden_hoe":2},"minecraft:killed":{"minecraft:witch":1,"enemyexpansion:equestrian":1,"minecraft:spider":7,"minecraft:skeleton":12,"minecraft:chicken":2,"minecraft:silverfish":7,"minecraft:illusioner":2,"minecraft:cat":1,"minecraft:pig":12,"minecraft:salmon":2,"irons_spellbooks:necromancer":2,"minecraft:sheep":2,"minecraft:pillager":2,"minecraft:zombie":26,"minecraft:cow":5,"enemyexpansion:trollenraged":2,"minecraft:evoker":1,"minecraft:vex":1,"minecraft:vindicator":2,"enemyexpansion:direwolf":7,"gamma_beasts:sppinto_a":2,"minecraft:rabbit":1,"enemyexpansion:sprinter":1,"iceandfire:ghost":2,"enemyexpansion:huntsman":2},"minecraft:custom":{"minecraft:interact_with_crafting_table":119,"minecraft:open_barrel":70,"minecraft:bell_ring":50,"minecraft:eat_cake_slice":2,"minecraft:leave_game":2,"minecraft:time_since_death":81973,"minecraft:damage_resisted":83,"minecraft:sprint_one_cm":1184071,"minecraft:damage_blocked_by_shield":9147,"minecraft:drop":376,"minecraft:talked_to_villager":13,"minecraft:play_time":466116,"minecraft:deaths":48,"minecraft:jump":10217,"minecraft:walk_on_water_one_cm":89371,"minecraft:enchant_item":6,"minecraft:interact_with_furnace":86,"minecraft:sleep_in_bed":27,"minecraft:waystone_activated":1,"minecraft:open_enderchest":3,"minecraft:damage_dealt":23705,"minecraft:crouch_one_cm":120061,"minecraft:interact_with_smoker":12,"minecraft:inspect_dispenser":3,"minecraft:interact_with_smithing_table":4,"minecraft:mob_kills":112,"minecraft:interact_with_anvil":3,"minecraft:interact_with_campfire":4,"minecraft:damage_dealt_resisted":280,"minecraft:climb_one_cm":3268,"minecraft:walk_one_cm":1022050,"minecraft:sneak_time":35917,"minecraft:walk_under_water_one_cm":61298,"minecraft:boat_one_cm":159705,"minecraft:interact_with_blast_furnace":21,"minecraft:total_world_time":466116,"minecraft:interact_with_grindstone":2,"minecraft:interact_with_stonecutter":1,"minecraft:time_since_rest":10763,"minecraft:damage_taken":18999,"minecraft:trigger_trapped_chest":2,"minecraft:swim_one_cm":103954,"minecraft:fly_one_cm":1777947,"minecraft:open_chest":58,"minecraft:fall_one_cm":202966},"minecraft:used":{"minecraft:spruce_slab":17,"minecraft:decorated_pot":1,"minecraft:chest":5,"minecraft:shield":206,"minecraft:iron_sword":159,"minecraft:bell":5,"minecraft:rotten_flesh":13,"minecraft:carrot":2,"minecraft:axolotl_bucket":2,"minecraft:stripped_spruce_log":7,"minecraft:obsidian":10,"minecraft:spruce_boat":11,"minecraft:lava_bucket":10,"minecraft:hopper_minecart":4,"minecraft:stone_bricks":74,"minecraft:rabbit_stew":1,"minecraft:bow":7,"minecraft:brown_carpet":1,"gamma_beasts:red_maple_planks":45,"minecraft:sweet_berries":43,"minecraft:furnace":7,"minecraft:potato":63,"minecraft:golden_boots":1,"minecraft:mossy_stone_bricks":1,"minecraft:stone_pickaxe":71,"minecraft:oak_planks":4,"minecraft:wooden_pickaxe":50,"minecraft:composter":2,"minecraft:blue_bed":10,"gamma_beasts:red_maple_stairs":5,"gamma_beasts:red_maple_slab":6,"minecraft:glow_berries":7,"gamma_beasts:prehnite_axe":131,"gamma_beasts:cooked_meat":2,"minecraft:blast_furnace":2,"iceandfire:silver_pickaxe":69,"waystones:waystone":1,"minecraft:bread":34,"minecraft:melon_slice":21,"minecraft:cyan_bed":1,"minecraft:diamond_sword":69,"minecraft:oak_trapdoor":6,"minecraft:bone_meal":6,"minecraft:enchanting_table":1,"minecraft:flint_and_steel":1,"minecraft:stone_shovel":5,"minecraft:spruce_planks":176,"minecraft:stone_hoe":171,"minecraft:netherrack":5,"minecraft:cooked_salmon":6,"minecraft:torch":7,"minecraft:dirt":96,"minecraft:anvil":2,"minecraft:hopper":4,"iceandfire:copper_sword":223,"minecraft:spruce_stairs":5,"minecraft:cobblestone_wall":3,"minecraft:granite":25,"minecraft:wooden_axe":42,"minecraft:bookshelf":9,"gamma_beasts:red_maple_log":1,"minecraft:iron_axe":122,"minecraft:goat_horn":3,"minecraft:cooked_beef":8,"minecraft:cobbled_deepslate":126,"minecraft:pumpkin":8,"minecraft:golden_axe":26,"minecraft:iron_leggings":1,"minecraft:knowledge_book":21,"minecraft:cooked_mutton":7,"minecraft:water_bucket":98,"minecraft:cracked_stone_bricks":1,"minecraft:rail":4,"minecraft:crafting_table":21,"minecraft:white_bed":10,"minecraft:smoker":1,"minecraft:spruce_log":1,"minecraft:wooden_hoe":141,"minecraft:diamond_pickaxe":750,"minecraft:apple":7,"minecraft:suspicious_stew":2,"minecraft:iron_pickaxe":170,"minecraft:spruce_trapdoor":3,"minecraft:stone_axe":1,"minecraft:fishing_rod":15,"minecraft:cobblestone":247,"minecraft:potion":1,"minecraft:porkchop":3,"minecraft:cooked_porkchop":18,"minecraft:bucket":110,"minecraft:stripped_oak_log":1,"iceandfire:silver_shovel":444},"minecraft:mined":{"minecraft:dark_oak_planks":1,"minecraft:farmland":9,"minecraft:spruce_planks":33,"minecraft:white_bed":9,"minecraft:obsidian":2,"minecraft:spruce_trapdoor":3,"minecraft:cave_vines_plant":1,"minecraft:granite":39,"minecraft:budding_amethyst":1,"minecraft:grass_block":334,"minecraft:stone_brick_wall":10,"minecraft:yellow_carpet":1,"minecraft:light_gray_bed":1,"minecraft:composter":1,"minecraft:nether_wart":2,"minecraft:chiseled_stone_bricks":2,"minecraft:spawner":2,"minecraft:iron_ore":80,"minecraft:cobbled_deepslate":32,"minecraft:pumpkin":17,"minecraft:deepslate_lapis_ore":7,"minecraft:anvil":2,"minecraft:enchanting_table":1,"minecraft:water_cauldron":1,"minecraft:cave_vines":6,"minecraft:dirt_path":2,"minecraft:iron_bars":5,"minecraft:purple_carpet":4,"minecraft:spruce_slab":22,"minecraft:deepslate_redstone_ore":4,"gamma_beasts:red_maple_planks":10,"iceandfire:dragon_ice_spikes":22,"minecraft:clay":2,"minecraft:blast_furnace":1,"minecraft:melon":1,"minecraft:chest":2,"minecraft:nether_quartz_ore":16,"minecraft:cobblestone":42,"minecraft:cyan_bed":1,"minecraft:sugar_cane":4,"minecraft:oak_planks":9,"minecraft:iron_door":12,"minecraft:wall_torch":1,"minecraft:wheat":1,"minecraft:blue_ice":2,"gamma_beasts:red_maple_stairs":2,"minecraft:stone_brick_stairs":3,"minecraft:smooth_stone_slab":1,"minecraft:grass":30,"minecraft:dirt":150,"minecraft:netherrack":6,"gamma_beasts:red_maple_log":8,"minecraft:deepslate":86,"minecraft:tuff":1,"minecraft:diamond_ore":1,"minecraft:red_carpet":1,"iceandfire:silver_ore":6,"minecraft:deepslate_diamond_ore":4,"minecraft:candle":1,"tetra:block_geode":1,"minecraft:glow_lichen":1,"minecraft:chiseled_bookshelf":4,"gravestone:gravestone":43,"minecraft:spruce_fence":6,"minecraft:decorated_pot":1,"iceandfire:deepslate_silver_ore":1,"minecraft:polished_andesite_slab":1,"minecraft:spruce_leaves":19,"minecraft:moss_block":1,"minecraft:large_fern":3,"minecraft:spore_blossom":1,"minecraft:oak_trapdoor":4,"minecraft:furnace":4,"minecraft:carrots":4,"minecraft:snow":44,"gamma_beasts:prehnite_ore":13,"minecraft:andesite":33,"minecraft:stripped_spruce_log":10,"minecraft:bell":4,"minecraft:bookshelf":13,"minecraft:potatoes":42,"minecraft:rail":4,"minecraft:vine":2,"minecraft:lantern":2,"minecraft:stripped_oak_log":5,"minecraft:packed_ice":18,"minecraft:stone":331,"iceandfire:podium_spruce":1,"minecraft:ender_chest":1,"minecraft:podzol":1,"minecraft:infested_stone_bricks":4,"minecraft:brown_carpet":1,"minecraft:stone_brick_slab":1,"minecraft:oak_fence":1,"minecraft:crafting_table":5,"minecraft:oak_wood":7,"minecraft:tall_grass":3,"minecraft:copper_ore":2,"minecraft:lapis_ore":3,"minecraft:diorite":13,"minecraft:blue_bed":10,"minecraft:spruce_stairs":2,"minecraft:cobblestone_wall":4,"minecraft:sweet_berry_bush":18,"minecraft:ice":8,"minecraft:spruce_log":63,"minecraft:potted_azure_bluet":1,"minecraft:coal_ore":57,"minecraft:gravel":12,"minecraft:dripstone_block":17,"minecraft:cracked_stone_bricks":11,"minecraft:stone_bricks":152,"minecraft:mossy_stone_bricks":1,"minecraft:iron_trapdoor":2,"minecraft:fern":3},"minecraft:picked_up":{"irons_spellbooks:scroll":3,"minecraft:iron_chestplate":2,"minecraft:wheat":11,"iceandfire:copper_sword":2,"minecraft:flower_pot":1,"minecraft:anvil":2,"irons_spellbooks:affinity_ring":1,"gamma_beasts:fur":16,"minecraft:diamond_sword":1,"minecraft:potion":1,"minecraft:enchanted_book":2,"minecraft:knowledge_book":2,"minecraft:stone_brick_stairs":3,"minecraft:string":24,"minecraft:smooth_stone_slab":1,"minecraft:iron_leggings":1,"minecraft:cobbled_deepslate":216,"iceandfire:frost_lily":1,"minecraft:spruce_planks":147,"minecraft:hopper_minecart":4,"minecraft:melon_slice":21,"minecraft:furnace":4,"minecraft:stick":11,"minecraft:composter":2,"minecraft:oak_fence":6,"minecraft:torch":14,"minecraft:spruce_stairs":6,"minecraft:porkchop":26,"minecraft:pointed_dripstone":6,"gamma_beasts:red_maple_stairs":2,"minecraft:cauldron":1,"minecraft:brown_carpet":2,"minecraft:light_gray_bed":1,"minecraft:rotten_flesh":70,"gamma_beasts:coal_nugget":8,"minecraft:snowball":79,"minecraft:obsidian":10,"minecraft:iron_bars":5,"minecraft:cobblestone":342,"minecraft:enchanting_table":1,"minecraft:feather":3,"minecraft:cooked_beef":1,"minecraft:iron_door":11,"minecraft:andesite":27,"minecraft:potato":52,"gamma_beasts:prehnite":12,"paraglider:spirit_orb":4,"minecraft:flint":1,"minecraft:lapis_lazuli":70,"minecraft:dirt":200,"minecraft:lantern":5,"minecraft:name_tag":1,"minecraft:purple_carpet":7,"minecraft:bone":13,"minecraft:bow":1,"minecraft:wheat_seeds":6,"minecraft:bell":5,"minecraft:mossy_stone_bricks":2,"minecraft:rabbit":2,"minecraft:glowstone_dust":1,"minecraft:powered_rail":1,"minecraft:stone_hoe":3,"minecraft:oak_planks":23,"irons_spellbooks:frozen_bone":2,"minecraft:cooked_porkchop":4,"iceandfire:podium_spruce":2,"irons_spellbooks:legendary_ink":1,"minecraft:stripped_spruce_log":9,"minecraft:cyan_bed":1,"minecraft:yellow_carpet":33,"minecraft:sugar":6,"minecraft:diamond":8,"minecraft:spruce_boat":11,"waystones:waystone":1,"minecraft:crossbow":1,"minecraft:granite":42,"minecraft:bread":12,"minecraft:emerald":5,"minecraft:netherrack":5,"minecraft:plenty_pottery_sherd":6,"iceandfire:raw_silver":7,"minecraft:spruce_leaves":2,"minecraft:crafting_table":7,"minecraft:azure_bluet":1,"minecraft:nether_wart":4,"minecraft:wooden_pickaxe":2,"minecraft:stone_brick_wall":10,"gravestone:obituary":111,"minecraft:shield":1,"minecraft:oak_trapdoor":6,"iceandfire:frozen_grass":2,"iceandfire:bestiary":4,"minecraft:cracked_stone_bricks":9,"minecraft:beef":10,"gamma_beasts:red_maple_log":11,"minecraft:spruce_slab":23,"minecraft:sugar_cane":25,"minecraft:chest":3,"minecraft:spruce_trapdoor":6,"minecraft:egg":6,"iceandfire:dragonbone":51,"minecraft:raw_iron":96,"minecraft:stone":5,"minecraft:bowl":1,"minecraft:spruce_fence":6,"sophisticatedbackpacks:backpack":4,"minecraft:carrot":2,"minecraft:redstone":18,"iceandfire:dragon_skull_ice":4,"minecraft:stone_shovel":1,"minecraft:arrow":18,"minecraft:decorated_pot":3,"minecraft:totem_of_undying":1,"minecraft:rail":18,"minecraft:mutton":8,"minecraft:white_wool":7,"minecraft:stripped_oak_log":5,"minecraft:salmon":9,"minecraft:leather":11,"irons_spellbooks:silver_ring":8,"minecraft:filled_map":5,"gamma_beasts:red_maple_planks":106,"minecraft:oak_log":6,"minecraft:cobblestone_wall":3,"minecraft:gunpowder":1,"iceandfire:dragonscales_blue":11,"minecraft:blue_bed":11,"minecraft:paper":2,"minecraft:white_banner":1,"irons_spellbooks:common_ink":1,"minecraft:red_carpet":22,"minecraft:coast_armor_trim_smithing_template":1,"minecraft:stone_bricks":127,"gamma_beasts:meat":2,"minecraft:iron_ingot":9,"minecraft:glass_bottle":2,"minecraft:iron_sword":1,"minecraft:polished_andesite_slab":4,"minecraft:flowering_azalea":4,"minecraft:book":80,"minecraft:pumpkin":19,"minecraft:sweet_berries":76,"minecraft:chiseled_stone_bricks":2,"minecraft:stone_brick_slab":3,"minecraft:quartz":14,"minecraft:dripstone_block":39,"minecraft:gravel":11,"minecraft:prize_pottery_sherd":4,"minecraft:blast_furnace":2,"minecraft:white_bed":10,"minecraft:spruce_log":61,"minecraft:spider_eye":2,"gamma_beasts:spruce_leaf":7,"iceandfire:dragon_flute":1,"gamma_beasts:prehnite_pickaxe":1,"minecraft:oak_wood":7,"iceandfire:silver_pickaxe":1,"tetra:geode":1,"minecraft:stone_axe":1,"minecraft:light_blue_carpet":1,"minecraft:coal":54,"minecraft:hopper":4,"minecraft:ender_pearl":1},"minecraft:crafted":{"minecraft:oak_planks":52,"minecraft:smooth_stone":3,"gamma_beasts:red_maple_planks":16,"iceandfire:silver_shovel":1,"minecraft:stone":5,"minecraft:bookshelf":9,"minecraft:cooked_mutton":7,"minecraft:iron_boots":2,"minecraft:chest":4,"gamma_beasts:prehnite_armor_helmet":1,"gamma_beasts:cooked_meat":2,"gamma_beasts:red_maple_stairs":4,"minecraft:smoker":1,"gamma_beasts:prehnite_armor_boots":1,"sophisticatedbackpacks:backpack":2,"minecraft:cooked_porkchop":14,"minecraft:crafting_table":16,"minecraft:spruce_planks":240,"minecraft:wooden_pickaxe":3,"minecraft:iron_helmet":2,"minecraft:wooden_hoe":4,"minecraft:iron_chestplate":3,"minecraft:diamond_pickaxe":1,"minecraft:shield":3,"minecraft:stick":52,"minecraft:iron_ingot":75,"minecraft:iron_pickaxe":1,"minecraft:wooden_sword":1,"iceandfire:dragon_stick":1,"minecraft:furnace":5,"minecraft:blast_furnace":1,"minecraft:bone_meal":6,"minecraft:flint_and_steel":1,"minecraft:iron_axe":1,"minecraft:spruce_slab":6,"minecraft:stone_pickaxe":1,"minecraft:spruce_boat":1,"sophisticatedbackpacks:iron_backpack":1,"minecraft:cooked_beef":11,"minecraft:diamond_sword":1,"gamma_beasts:prehnite_axe":1,"iceandfire:silver_ingot":4,"minecraft:iron_sword":2,"minecraft:cooked_salmon":6,"minecraft:bucket":1,"minecraft:stone_axe":1,"minecraft:air":0,"minecraft:wooden_axe":2,"gamma_beasts:red_maple_slab":6,"minecraft:iron_leggings":3,"minecraft:white_bed":1,"minecraft:torch":8}},"DataVersion":3465}