{"stats":{"minecraft:dropped":{"minecraft:golden_boots":1,"minecraft:sugar_cane":11,"irons_spellbooks:legendary_ink":1,"weaponmaster:tutorialbook":1,"minecraft:glow_berries":1,"minecraft:carrot":1,"minecraft:cobweb":1,"irons_spellbooks:affinity_ring":1,"minecraft:gunpowder":1,"minecraft:torch":11,"iceandfire:bestiary":1,"minecraft:spider_eye":1,"gravestone:obituary":1},"minecraft:killed":{"minecraft:cat":1,"minecraft:pig":3,"minecraft:spider":2,"minecraft:rabbit":1,"iceandfire:ghost":2},"minecraft:custom":{"minecraft:interact_with_smithing_table":1,"minecraft:mob_kills":9,"minecraft:interact_with_crafting_table":14,"minecraft:open_barrel":10,"minecraft:interact_with_campfire":4,"minecraft:leave_game":1,"minecraft:time_since_death":12207,"minecraft:sleep_in_bed":4,"minecraft:climb_one_cm":305,"minecraft:time_since_rest":7744,"minecraft:sprint_one_cm":154328,"minecraft:damage_taken":1042,"minecraft:walk_one_cm":130414,"minecraft:trigger_trapped_chest":2,"minecraft:drop":13,"minecraft:damage_dealt":1278,"minecraft:swim_one_cm":537,"minecraft:talked_to_villager":3,"minecraft:fly_one_cm":332982,"minecraft:open_chest":9,"minecraft:crouch_one_cm":13096,"minecraft:play_time":64380,"minecraft:deaths":2,"minecraft:sneak_time":4258,"minecraft:walk_under_water_one_cm":1186,"minecraft:jump":1658,"minecraft:interact_with_blast_furnace":1,"minecraft:walk_on_water_one_cm":1850,"minecraft:total_world_time":64380,"minecraft:fall_one_cm":39931},"minecraft:used":{"minecraft:golden_boots":1,"minecraft:water_bucket":9,"minecraft:spruce_planks":24,"minecraft:wooden_pickaxe":17,"minecraft:blue_bed":4,"minecraft:rotten_flesh":1,"minecraft:glow_berries":7,"minecraft:dirt":7,"iceandfire:copper_sword":17,"minecraft:crafting_table":3,"minecraft:carrot":2,"minecraft:white_bed":1,"minecraft:wooden_axe":37,"minecraft:bread":2,"minecraft:suspicious_stew":2,"minecraft:spruce_trapdoor":2,"minecraft:cobblestone":16,"minecraft:porkchop":1,"minecraft:cooked_porkchop":4,"minecraft:bucket":10,"minecraft:potato":20,"minecraft:pumpkin":1},"minecraft:mined":{"minecraft:spruce_planks":3,"minecraft:white_bed":2,"minecraft:crafting_table":1,"minecraft:spruce_trapdoor":2,"gravestone:gravestone":2,"minecraft:grass_block":4,"minecraft:tall_grass":1,"minecraft:spruce_leaves":10,"minecraft:sugar_cane":3,"minecraft:blue_bed":4,"minecraft:large_fern":1,"minecraft:spruce_stairs":1,"minecraft:carrots":2,"minecraft:wheat":1,"minecraft:spruce_log":11,"minecraft:andesite":1,"minecraft:pumpkin":1,"minecraft:bookshelf":8,"minecraft:potatoes":14,"minecraft:vine":2,"minecraft:dirt":4,"minecraft:stone":16,"minecraft:fern":1},"minecraft:picked_up":{"minecraft:crafting_table":1,"irons_spellbooks:affinity_ring":1,"minecraft:potato":12,"minecraft:gunpowder":1,"minecraft:string":4,"minecraft:blue_bed":5,"minecraft:dirt":8,"irons_spellbooks:common_ink":1,"iceandfire:bestiary":2,"minecraft:wheat_seeds":1,"minecraft:rabbit":1,"minecraft:sugar_cane":22,"minecraft:spruce_trapdoor":2,"iceandfire:dragonbone":46,"minecraft:cooked_porkchop":4,"minecraft:pumpkin":1,"irons_spellbooks:legendary_ink":1,"minecraft:torch":11,"minecraft:porkchop":6,"minecraft:carrot":2,"minecraft:white_bed":2,"minecraft:spruce_log":11,"minecraft:spider_eye":1,"iceandfire:dragon_skull_ice":2,"minecraft:rotten_flesh":5,"minecraft:cobblestone":16},"minecraft:crafted":{"minecraft:wooden_sword":1,"minecraft:crafting_table":2,"minecraft:spruce_planks":44,"minecraft:wooden_pickaxe":1,"iceandfire:dragon_stick":1,"minecraft:bucket":1,"minecraft:stick":8,"minecraft:wooden_axe":1}},"DataVersion":3465}