{"stats":{"minecraft:custom":{"minecraft:time_since_rest":1115,"minecraft:open_chest":4,"minecraft:crouch_one_cm":782,"minecraft:deaths":2,"minecraft:play_time":22197,"minecraft:sprint_one_cm":80365,"minecraft:damage_taken":581,"minecraft:walk_one_cm":86565,"minecraft:sneak_time":426,"minecraft:trigger_trapped_chest":2,"minecraft:drop":7,"minecraft:jump":462,"minecraft:damage_dealt":144,"minecraft:walk_on_water_one_cm":370,"minecraft:leave_game":1,"minecraft:time_since_death":1082,"minecraft:sleep_in_bed":3,"minecraft:total_world_time":22197,"minecraft:fall_one_cm":8791,"minecraft:fly_one_cm":98834,"minecraft:open_barrel":3},"minecraft:mined":{"minecraft:grass":1,"minecraft:spruce_leaves":3,"minecraft:spruce_log":6,"minecraft:blue_bed":3,"gravestone:gravestone":2},"minecraft:picked_up":{"minecraft:book":6,"minecraft:bone":2,"minecraft:arrow":2,"minecraft:gold_nugget":2,"weaponmaster:tutorialbook":2,"gravestone:obituary":2,"minecraft:spruce_log":6,"minecraft:blue_bed":2},"minecraft:crafted":{"minecraft:spruce_planks":24},"minecraft:dropped":{"minecraft:gold_nugget":2,"gravestone:obituary":3,"weaponmaster:tutorialbook":2},"minecraft:used":{"minecraft:blue_bed":1}},"DataVersion":3465}