{"stats":{"minecraft:killed":{"minecraft:spider":2,"minecraft:skeleton":7,"minecraft:pig":10,"minecraft:salmon":7,"minecraft:iron_golem":2,"minecraft:creeper":3,"minecraft:sheep":3,"minecraft:pillager":2,"enemyexpansion:meature":2,"minecraft:zombie":10,"enemyexpansion:botfly":6,"minecraft:cow":8,"minecraft:evoker":1,"minecraft:vex":1,"minecraft:vindicator":1,"enemyexpansion:direwolf":1,"gamma_beasts:sppinto_a":1,"minecraft:husk":9,"enemyexpansion:sprinter":1,"iceandfire:ice_dragon":1,"enemyexpansion:slugger":1},"minecraft:custom":{"minecraft:interact_with_crafting_table":30,"minecraft:open_barrel":59,"minecraft:bell_ring":53,"minecraft:eat_cake_slice":3,"minecraft:leave_game":5,"minecraft:time_since_death":32017,"minecraft:damage_resisted":107,"minecraft:sprint_one_cm":1194453,"minecraft:damage_blocked_by_shield":2647,"minecraft:drop":521,"minecraft:talked_to_villager":3,"minecraft:play_time":488642,"minecraft:deaths":58,"minecraft:jump":8253,"minecraft:interact_with_brewingstand":1,"minecraft:walk_on_water_one_cm":119322,"minecraft:interact_with_furnace":24,"minecraft:sleep_in_bed":27,"minecraft:waystone_activated":2,"minecraft:open_enderchest":2,"minecraft:damage_dealt":18044,"minecraft:player_kills":2,"minecraft:crouch_one_cm":68872,"minecraft:interact_with_smoker":10,"minecraft:mob_kills":82,"minecraft:interact_with_anvil":2,"minecraft:inspect_hopper":2,"minecraft:climb_one_cm":5540,"minecraft:walk_one_cm":1766418,"minecraft:damage_dealt_absorbed":85,"minecraft:sneak_time":24178,"minecraft:walk_under_water_one_cm":54388,"minecraft:boat_one_cm":145248,"minecraft:interact_with_blast_furnace":4,"minecraft:total_world_time":488642,"minecraft:time_since_rest":32038,"minecraft:damage_taken":20346,"minecraft:damage_absorbed":40,"minecraft:trigger_trapped_chest":2,"minecraft:swim_one_cm":97998,"minecraft:fly_one_cm":1287113,"minecraft:open_chest":81,"minecraft:fall_one_cm":157410},"minecraft:mined":{"minecraft:spruce_planks":42,"minecraft:white_bed":9,"minecraft:farmland":2,"minecraft:granite":12,"minecraft:grass_block":26,"minecraft:composter":2,"minecraft:hopper":2,"minecraft:spawner":2,"minecraft:iron_ore":9,"minecraft:fire":1,"minecraft:dark_oak_stairs":2,"minecraft:water_cauldron":1,"minecraft:dirt_path":4,"minecraft:purple_carpet":1,"minecraft:stripped_mangrove_wood":3,"minecraft:spruce_slab":12,"minecraft:red_bed":2,"iceandfire:dragon_ice_spikes":15,"minecraft:torch":1,"minecraft:calcite":4,"minecraft:chest":1,"minecraft:cobblestone":36,"minecraft:cyan_bed":5,"minecraft:iron_door":1,"minecraft:wall_torch":5,"minecraft:wheat":5,"minecraft:grass":15,"minecraft:oak_log":10,"minecraft:dirt":30,"gamma_beasts:red_maple_log":13,"minecraft:oak_leaves":6,"gravestone:gravestone":58,"minecraft:spruce_fence":3,"iceandfire:frozen_grass":2,"iceandfire:frozen_splinters":2,"minecraft:polished_andesite_slab":1,"minecraft:spruce_leaves":61,"minecraft:large_fern":7,"minecraft:hay_block":10,"minecraft:oak_trapdoor":1,"minecraft:carrots":2,"minecraft:snow":218,"minecraft:stripped_spruce_log":15,"minecraft:bell":1,"minecraft:potatoes":38,"minecraft:stripped_oak_log":18,"minecraft:packed_ice":13,"iceandfire:frost_lily":1,"minecraft:stone":36,"minecraft:light_gray_carpet":1,"minecraft:crafting_table":4,"gamma_beasts:abeto_hoja_1":3,"minecraft:rose_bush":1,"minecraft:blue_bed":7,"minecraft:spruce_stairs":1,"minecraft:stripped_spruce_wood":31,"minecraft:cobblestone_wall":3,"minecraft:sweet_berry_bush":36,"minecraft:ice":2,"minecraft:white_carpet":3,"minecraft:spruce_log":202,"minecraft:gravel":3,"minecraft:cobweb":2,"minecraft:stone_bricks":27,"minecraft:fern":15,"minecraft:dark_oak_planks":1},"minecraft:picked_up":{"minecraft:wooden_axe":2,"irons_spellbooks:scroll":3,"minecraft:iron_chestplate":1,"iceandfire:copper_sword":3,"irons_spellbooks:affinity_ring":3,"gamma_beasts:fur":2,"minecraft:diamond_sword":1,"minecraft:potion":2,"minecraft:enchanted_book":1,"minecraft:string":22,"minecraft:iron_leggings":1,"minecraft:gold_nugget":2,"minecraft:cobbled_deepslate":10,"iceandfire:frost_lily":2,"minecraft:spruce_planks":118,"minecraft:rose_bush":1,"minecraft:calcite":4,"minecraft:hopper_minecart":1,"minecraft:iron_pickaxe":1,"minecraft:furnace":1,"minecraft:iron_boots":2,"minecraft:stick":32,"minecraft:composter":2,"minecraft:torch":109,"minecraft:spruce_stairs":5,"minecraft:porkchop":23,"gamma_beasts:red_maple_stairs":1,"minecraft:cauldron":2,"minecraft:brown_carpet":1,"minecraft:rotten_flesh":41,"irons_spellbooks:cooldown_ring":2,"minecraft:snowball":252,"minecraft:cobblestone":170,"iceandfire:sapphire_gem":1,"minecraft:cooked_beef":2,"minecraft:iron_door":1,"minecraft:potato":47,"paraglider:spirit_orb":2,"minecraft:tuff":8,"minecraft:stripped_spruce_wood":30,"minecraft:lapis_lazuli":24,"minecraft:lantern":2,"minecraft:dirt":115,"minecraft:name_tag":1,"minecraft:purple_carpet":1,"minecraft:bone":12,"minecraft:bow":5,"minecraft:wheat_seeds":10,"minecraft:bell":1,"minecraft:grindstone":2,"minecraft:powered_rail":4,"minecraft:stone_hoe":2,"minecraft:oak_planks":13,"irons_spellbooks:frozen_bone":9,"minecraft:cooked_porkchop":1,"irons_spellbooks:legendary_ink":1,"minecraft:stripped_spruce_log":16,"minecraft:cyan_bed":5,"minecraft:spectral_arrow":42,"minecraft:yellow_carpet":24,"minecraft:diamond":1,"minecraft:spruce_boat":10,"irons_spellbooks:divine_pearl":2,"waystones:waystone":2,"iceandfire:dragon_ice":4,"minecraft:crossbow":3,"minecraft:granite":13,"minecraft:golden_apple":2,"minecraft:emerald":64,"minecraft:bread":32,"minecraft:oak_sapling":2,"minecraft:light_gray_carpet":1,"iceandfire:silver_nugget":16,"minecraft:diamond_pickaxe":1,"minecraft:spruce_leaves":1,"minecraft:fishing_rod":1,"minecraft:crafting_table":4,"minecraft:wooden_pickaxe":4,"minecraft:stone_brick_wall":1,"gravestone:obituary":142,"iceandfire:frozen_grass":2,"minecraft:red_bed":2,"minecraft:oak_trapdoor":1,"iceandfire:frozen_splinters":2,"minecraft:white_carpet":6,"minecraft:cracked_stone_bricks":1,"minecraft:beef":18,"gamma_beasts:red_maple_log":12,"minecraft:poppy":1,"minecraft:spruce_slab":34,"minecraft:chest":1,"minecraft:spruce_trapdoor":6,"iceandfire:ice_dragon_heart":1,"minecraft:egg":1,"minecraft:raw_iron":27,"iceandfire:dragonbone":41,"minecraft:stone":3,"minecraft:spruce_fence":2,"minecraft:carrot":4,"minecraft:redstone":17,"minecraft:dark_oak_planks":2,"iceandfire:dragon_skull_ice":4,"minecraft:arrow":21,"minecraft:stone_shovel":1,"minecraft:hay_block":9,"minecraft:totem_of_undying":2,"minecraft:gold_ingot":1,"minecraft:glow_berries":31,"minecraft:mutton":4,"minecraft:skeleton_skull":1,"minecraft:white_wool":2,"iceandfire:silver_axe":1,"minecraft:stripped_oak_log":18,"minecraft:salmon":7,"minecraft:leather":13,"minecraft:filled_map":2,"gamma_beasts:red_maple_planks":73,"minecraft:oak_log":16,"iceandfire:ectoplasm":8,"minecraft:golden_boots":1,"minecraft:gunpowder":4,"minecraft:cobblestone_wall":1,"iceandfire:dragonscales_blue":15,"minecraft:blue_bed":6,"minecraft:paper":48,"minecraft:white_banner":1,"minecraft:coast_armor_trim_smithing_template":2,"minecraft:red_carpet":11,"minecraft:stone_bricks":28,"gamma_beasts:meat":2,"iceandfire:dragon_stick":2,"irons_spellbooks:blood_vial":11,"minecraft:iron_ingot":12,"minecraft:cobweb":1,"weaponmaster:tutorialbook":2,"minecraft:glass_bottle":1,"minecraft:iron_sword":5,"minecraft:dark_oak_stairs":1,"minecraft:book":55,"iceandfire:dragon_horn":1,"minecraft:sweet_berries":82,"minecraft:chiseled_stone_bricks":2,"minecraft:gravel":6,"minecraft:spruce_sapling":11,"minecraft:white_bed":11,"minecraft:spruce_log":200,"minecraft:spruce_door":1,"minecraft:spider_eye":2,"gamma_beasts:spruce_leaf":3,"gamma_beasts:prehnite_pickaxe":1,"tetra:geode":1,"minecraft:stone_axe":2,"minecraft:iron_helmet":1,"minecraft:black_wool":1,"minecraft:hopper":2,"minecraft:coal":1,"minecraft:ender_pearl":1},"minecraft:broken":{"minecraft:wooden_sword":1,"minecraft:stone_axe":3,"minecraft:stone_shovel":1,"minecraft:stone_hoe":1,"minecraft:shield":1},"minecraft:crafted":{"gamma_beasts:red_maple_planks":48,"minecraft:stone_hoe":3,"minecraft:cooked_porkchop":2,"minecraft:crafting_table":2,"minecraft:spruce_planks":420,"minecraft:iron_helmet":1,"minecraft:wooden_pickaxe":1,"minecraft:shield":1,"minecraft:stick":8,"minecraft:iron_ingot":8,"minecraft:stone_sword":1,"minecraft:stone_shovel":2,"minecraft:bone_meal":6,"minecraft:oak_trapdoor":2,"minecraft:spruce_stairs":12,"minecraft:spruce_slab":102,"minecraft:spruce_boat":1,"minecraft:wheat":81,"minecraft:cooked_beef":11,"minecraft:cooked_cod":7,"minecraft:stone_axe":3,"minecraft:bread":27,"minecraft:air":0,"minecraft:wooden_axe":1},"minecraft:dropped":{"minecraft:iron_sword":3,"minecraft:dark_oak_stairs":1,"minecraft:oak_log":12,"iceandfire:silver_axe":2,"minecraft:glass_bottle":2,"minecraft:cooked_porkchop":1,"minecraft:glow_berries":15,"minecraft:leather":7,"iceandfire:ectoplasm":14,"minecraft:rail":2,"paraglider:spirit_orb":2,"minecraft:red_carpet":4,"minecraft:emerald":48,"minecraft:dirt":12,"minecraft:snowball":111,"irons_spellbooks:arcane_essence":2,"gravestone:obituary":181,"minecraft:gold_nugget":2,"minecraft:gold_ingot":1,"minecraft:cobbled_deepslate":2,"minecraft:rotten_flesh":22,"minecraft:grindstone":2,"minecraft:light_gray_carpet":1,"minecraft:white_bed":2,"iceandfire:frozen_grass":2,"minecraft:salmon":3,"iceandfire:dragonscales_blue":15,"minecraft:gunpowder":1,"minecraft:hopper":2,"minecraft:chest":1,"iceandfire:frost_lily":2,"minecraft:spruce_slab":1,"minecraft:powered_rail":3,"minecraft:arrow":7,"gamma_beasts:fur":2,"minecraft:purple_carpet":1,"minecraft:enchanted_book":2,"minecraft:stone_hoe":3,"minecraft:iron_ingot":10,"minecraft:bread":16,"minecraft:wheat_seeds":8,"irons_spellbooks:legendary_ink":1,"weaponmaster:tutorialbook":2,"minecraft:cobblestone":4,"minecraft:hopper_minecart":2,"minecraft:spruce_door":1,"minecraft:spruce_stairs":8,"minecraft:yellow_carpet":11,"minecraft:stick":4,"irons_spellbooks:scroll":5,"minecraft:cobweb":1,"irons_spellbooks:affinity_ring":1,"gamma_beasts:red_maple_planks":33,"minecraft:torch":103,"gamma_beasts:spruce_leaf":3,"minecraft:wooden_axe":2,"minecraft:rabbit":1,"irons_spellbooks:blood_vial":3,"minecraft:paper":3,"minecraft:string":19,"minecraft:spruce_sapling":3,"minecraft:redstone":20,"minecraft:oak_trapdoor":4,"minecraft:bowl":3,"tetra:geode":1,"minecraft:tuff":4,"minecraft:composter":1,"minecraft:raw_iron":7,"minecraft:stone_shovel":1,"minecraft:white_carpet":6,"iceandfire:dragon_skull_ice":2,"minecraft:name_tag":1,"minecraft:spruce_fence":2,"minecraft:filled_map":2,"minecraft:diamond_sword":1,"minecraft:potato":1,"gamma_beasts:meat":2,"iceandfire:copper_sword":1,"iceandfire:frozen_splinters":2,"minecraft:spruce_planks":31,"minecraft:spruce_trapdoor":6,"minecraft:spider_eye":2,"minecraft:brown_carpet":1,"minecraft:spruce_log":118,"minecraft:bow":1,"minecraft:wooden_pickaxe":3,"minecraft:bell":1},"minecraft:used":{"minecraft:spruce_slab":124,"iceandfire:dragon_skull_ice":1,"minecraft:shield":52,"minecraft:stone":1,"minecraft:iron_sword":242,"minecraft:rotten_flesh":17,"minecraft:mutton":2,"minecraft:carrot":7,"gamma_beasts:prehnite_pickaxe":1,"minecraft:snowball":61,"minecraft:stripped_spruce_log":2,"minecraft:spruce_boat":10,"minecraft:stone_bricks":63,"minecraft:rabbit_stew":3,"minecraft:bow":31,"gamma_beasts:red_maple_planks":48,"minecraft:sweet_berries":78,"minecraft:furnace":1,"minecraft:egg":1,"minecraft:potato":58,"minecraft:oak_planks":5,"minecraft:composter":1,"minecraft:blue_bed":5,"minecraft:white_wool":1,"gamma_beasts:red_maple_stairs":1,"minecraft:golden_apple":1,"minecraft:glow_berries":17,"iceandfire:silver_axe":26,"waystones:waystone":1,"minecraft:bread":40,"minecraft:cyan_bed":5,"minecraft:gravel":2,"minecraft:wooden_sword":58,"minecraft:diamond_sword":19,"minecraft:bone_meal":6,"minecraft:cobweb":1,"minecraft:stone_sword":31,"minecraft:stone_shovel":221,"minecraft:spruce_planks":226,"minecraft:stone_hoe":211,"minecraft:torch":6,"minecraft:dirt":103,"minecraft:spruce_stairs":1,"minecraft:cobblestone_wall":1,"minecraft:granite":6,"minecraft:dark_oak_planks":1,"minecraft:wooden_axe":4,"iceandfire:dragon_ice":4,"minecraft:beef":3,"minecraft:cooked_beef":2,"minecraft:wheat_seeds":1,"minecraft:water_bucket":9,"minecraft:bundle":2,"minecraft:cauldron":1,"minecraft:cracked_stone_bricks":2,"minecraft:salmon":4,"minecraft:crafting_table":4,"minecraft:red_bed":2,"minecraft:white_bed":9,"minecraft:spruce_log":21,"minecraft:oak_log":4,"minecraft:iron_pickaxe":166,"iceandfire:graveyard_soil":2,"minecraft:spruce_sapling":7,"minecraft:stone_axe":395,"minecraft:chiseled_stone_bricks":2,"minecraft:cobblestone":36,"minecraft:potion":1,"minecraft:porkchop":15,"minecraft:cooked_porkchop":2,"minecraft:bucket":10,"minecraft:stripped_oak_log":18}},"DataVersion":3465}