{"stats":{"minecraft:crafted":{"gamma_beasts:red_maple_planks":48,"minecraft:hopper":12,"minecraft:iron_boots":2,"minecraft:netherite_boots":6,"minecraft:chest":24,"minecraft:stone_hoe":3,"sophisticatedbackpacks:backpack":2,"minecraft:cooked_porkchop":5,"minecraft:crafting_table":7,"minecraft:spruce_planks":2440,"minecraft:iron_helmet":5,"minecraft:wooden_pickaxe":1,"minecraft:baked_potato":138,"minecraft:spruce_trapdoor":66,"minecraft:iron_chestplate":2,"minecraft:wooden_hoe":1,"minecraft:shield":7,"minecraft:stick":72,"minecraft:iron_ingot":8,"minecraft:iron_pickaxe":2,"minecraft:stone_sword":1,"minecraft:spruce_fence_gate":1,"minecraft:stone_shovel":2,"minecraft:bone_meal":6,"minecraft:oak_trapdoor":2,"minecraft:netherite_chestplate":1,"minecraft:spruce_stairs":12,"minecraft:iron_axe":8,"minecraft:spruce_slab":108,"minecraft:spruce_boat":2,"sophisticatedbackpacks:iron_backpack":1,"minecraft:dark_oak_planks":32,"minecraft:wheat":81,"minecraft:cooked_beef":14,"minecraft:cooked_cod":7,"minecraft:netherite_pickaxe":1,"minecraft:spruce_sign":3,"minecraft:iron_sword":5,"minecraft:bucket":4,"minecraft:stone_axe":7,"minecraft:bread":37,"minecraft:air":0,"minecraft:wooden_axe":1,"minecraft:iron_leggings":6,"minecraft:torch":96},"minecraft:killed":{"minecraft:witch":1,"enemyexpansion:equestrian":3,"minecraft:spider":6,"minecraft:skeleton":10,"minecraft:piglin_brute":33,"minecraft:magma_cube":1,"minecraft:pig":11,"minecraft:salmon":7,"minecraft:iron_golem":3,"minecraft:creeper":6,"minecraft:sheep":3,"minecraft:pillager":4,"enemyexpansion:meature":2,"minecraft:zombie":25,"minecraft:stray":1,"enemyexpansion:botfly":10,"minecraft:ghast":1,"minecraft:cow":9,"minecraft:evoker":1,"minecraft:vex":1,"minecraft:vindicator":3,"enemyexpansion:direwolf":8,"gamma_beasts:sppinto_a":1,"enemyexpansion:goblin":1,"minecraft:husk":12,"iceandfire:troll":1,"enemyexpansion:sprinter":2,"mythicmounts:netherbat":1,"iceandfire:ghost":2,"iceandfire:ice_dragon":1,"minecraft:enderman":4,"enemyexpansion:slugger":4},"minecraft:mined":{"minecraft:stripped_warped_stem":1,"minecraft:spruce_planks":140,"minecraft:white_bed":12,"minecraft:farmland":2,"minecraft:spruce_trapdoor":9,"minecraft:granite":12,"minecraft:grass_block":27,"minecraft:soul_soil":1,"minecraft:composter":2,"minecraft:hopper":6,"minecraft:spawner":4,"minecraft:iron_ore":9,"minecraft:fire":18,"minecraft:dark_oak_stairs":2,"minecraft:dirt_path":4,"minecraft:water_cauldron":1,"minecraft:purple_carpet":1,"minecraft:stripped_mangrove_wood":3,"minecraft:spruce_slab":15,"minecraft:waxed_cut_copper_stairs":1,"minecraft:deepslate_redstone_ore":1,"minecraft:red_bed":2,"minecraft:soul_fire":9,"minecraft:torch":5,"iceandfire:dragon_ice_spikes":15,"minecraft:calcite":8,"minecraft:chest":1,"minecraft:dead_bush":1,"minecraft:cobblestone":39,"minecraft:cyan_bed":6,"minecraft:iron_door":1,"minecraft:wall_torch":5,"minecraft:wheat":5,"minecraft:grass":27,"minecraft:oak_log":10,"minecraft:sand":7,"minecraft:dirt":43,"minecraft:deepslate":36,"gamma_beasts:red_maple_log":13,"minecraft:netherrack":21,"minecraft:oak_leaves":6,"iceandfire:frozen_cobblestone":1,"minecraft:orange_banner":1,"gravestone:gravestone":86,"minecraft:spruce_fence":3,"iceandfire:frozen_grass":2,"iceandfire:frozen_splinters":2,"minecraft:polished_andesite_slab":1,"minecraft:spruce_leaves":72,"minecraft:hay_block":11,"minecraft:large_fern":7,"minecraft:black_stained_glass_pane":4,"minecraft:oak_trapdoor":1,"minecraft:carrots":2,"minecraft:snow":218,"minecraft:stripped_spruce_log":317,"minecraft:bell":1,"minecraft:potatoes":38,"minecraft:stripped_oak_log":18,"minecraft:packed_ice":13,"minecraft:potted_allium":1,"iceandfire:frost_lily":1,"minecraft:stone":43,"minecraft:bone_block":21,"minecraft:light_gray_carpet":1,"minecraft:basalt":3,"minecraft:dandelion":1,"minecraft:crafting_table":14,"gamma_beasts:abeto_hoja_1":3,"minecraft:emerald_ore":2,"minecraft:warped_roots":1,"minecraft:rose_bush":1,"minecraft:blue_bed":7,"minecraft:warped_wart_block":2,"minecraft:spruce_stairs":1,"minecraft:cobblestone_wall":3,"minecraft:stripped_spruce_wood":176,"minecraft:sweet_berry_bush":37,"minecraft:ice":37,"minecraft:white_carpet":3,"minecraft:spruce_log":265,"minecraft:coal_ore":11,"minecraft:gravel":3,"minecraft:gray_carpet":1,"minecraft:cobweb":2,"minecraft:stone_bricks":27,"paraglider:goddess_statue":1,"minecraft:fern":18,"minecraft:dark_oak_planks":1},"minecraft:killed_by":{"minecraft:player":2},"minecraft:picked_up":{"minecraft:wooden_axe":2,"irons_spellbooks:scroll":3,"minecraft:iron_chestplate":2,"iceandfire:copper_sword":3,"minecraft:flower_pot":2,"irons_spellbooks:affinity_ring":3,"gamma_beasts:fur":6,"minecraft:diamond_sword":4,"minecraft:potion":5,"minecraft:enchanted_book":1,"paraglider:goddess_statue":2,"minecraft:string":30,"minecraft:soul_soil":2,"minecraft:cooked_salmon":3,"minecraft:iron_leggings":4,"minecraft:purple_banner":1,"minecraft:gold_nugget":8,"minecraft:cobbled_deepslate":54,"iceandfire:frost_lily":2,"minecraft:spruce_planks":274,"minecraft:rose_bush":1,"minecraft:calcite":4,"minecraft:iron_pickaxe":1,"minecraft:hopper_minecart":1,"minecraft:iron_boots":3,"minecraft:furnace":1,"minecraft:stick":34,"minecraft:composter":3,"minecraft:torch":133,"minecraft:spruce_stairs":6,"minecraft:porkchop":23,"minecraft:diorite":10,"gamma_beasts:red_maple_stairs":1,"minecraft:cauldron":2,"minecraft:brown_carpet":1,"minecraft:waxed_cut_copper_stairs":1,"minecraft:stone_sword":1,"minecraft:rotten_flesh":94,"gamma_beasts:coal_nugget":5,"minecraft:netherite_chestplate":2,"irons_spellbooks:cooldown_ring":2,"minecraft:snowball":270,"minecraft:cobblestone":183,"iceandfire:sapphire_gem":1,"minecraft:cooked_beef":5,"minecraft:iron_door":1,"minecraft:golden_leggings":2,"gamma_beasts:prehnite":4,"minecraft:potato":48,"paraglider:spirit_orb":8,"minecraft:tuff":10,"minecraft:stripped_spruce_wood":174,"minecraft:lapis_lazuli":27,"minecraft:dirt":147,"minecraft:lantern":4,"minecraft:name_tag":1,"minecraft:purple_carpet":1,"minecraft:bone":15,"minecraft:bow":8,"minecraft:wheat_seeds":11,"minecraft:bell":2,"minecraft:grindstone":2,"minecraft:dark_oak_sign":3,"minecraft:rabbit":1,"minecraft:glowstone_dust":1,"minecraft:powered_rail":4,"minecraft:oak_planks":21,"minecraft:stone_hoe":2,"irons_spellbooks:frozen_bone":15,"minecraft:cooked_porkchop":3,"irons_spellbooks:legendary_ink":1,"minecraft:warped_wart_block":1,"minecraft:poisonous_potato":1,"minecraft:sand":7,"minecraft:stripped_spruce_log":317,"minecraft:cyan_bed":6,"simplyswords:iron_greathammer":3,"minecraft:spectral_arrow":42,"minecraft:red_terracotta":2,"minecraft:iron_hoe":1,"minecraft:polished_andesite":1,"minecraft:spruce_fence_gate":1,"minecraft:yellow_carpet":24,"irons_spellbooks:divine_pearl":2,"minecraft:diamond":1,"minecraft:spruce_boat":21,"waystones:waystone":3,"iceandfire:dragon_ice":4,"minecraft:crossbow":4,"minecraft:granite":13,"minecraft:golden_apple":2,"minecraft:emerald":69,"minecraft:bread":32,"minecraft:oak_sapling":2,"minecraft:light_gray_carpet":1,"minecraft:netherrack":62,"iceandfire:silver_nugget":16,"minecraft:diamond_pickaxe":1,"minecraft:fishing_rod":1,"minecraft:spruce_leaves":1,"minecraft:crafting_table":14,"minecraft:allium":1,"minecraft:leather_leggings":1,"minecraft:brown_mushroom":3,"minecraft:wooden_pickaxe":4,"minecraft:stone_brick_wall":1,"minecraft:orange_banner":2,"gravestone:obituary":154,"minecraft:shield":4,"iceandfire:frozen_grass":2,"minecraft:red_bed":2,"minecraft:oak_trapdoor":1,"iceandfire:frozen_splinters":2,"minecraft:iron_axe":4,"minecraft:netherite_scrap":2,"minecraft:item_frame":1,"minecraft:white_carpet":6,"minecraft:cyan_carpet":14,"minecraft:blackstone":1,"minecraft:cracked_stone_bricks":1,"minecraft:stripped_warped_stem":1,"minecraft:beef":18,"gamma_beasts:red_maple_log":12,"minecraft:iron_nugget":1,"minecraft:poppy":7,"minecraft:spruce_slab":41,"minecraft:chest":1,"minecraft:spruce_trapdoor":15,"iceandfire:ice_dragon_heart":1,"minecraft:egg":1,"minecraft:raw_iron":27,"iceandfire:dragonbone":41,"minecraft:stone":3,"iceandfire:troll_tusk":2,"minecraft:spruce_fence":2,"minecraft:carrot":5,"minecraft:redstone":21,"minecraft:netherite_pickaxe":5,"minecraft:dark_oak_planks":2,"iceandfire:dragon_skull_ice":4,"minecraft:arrow":36,"minecraft:stone_shovel":1,"minecraft:hay_block":9,"minecraft:gold_ingot":1,"minecraft:totem_of_undying":2,"minecraft:glow_berries":31,"minecraft:mutton":4,"minecraft:skeleton_skull":1,"minecraft:white_wool":2,"minecraft:bone_block":22,"iceandfire:silver_axe":2,"minecraft:stripped_oak_log":18,"minecraft:netherite_boots":2,"minecraft:basalt":6,"minecraft:salmon":7,"minecraft:leather":17,"iceandfire:armor_sapphire_leggings":1,"minecraft:filled_map":2,"minecraft:crimson_fungus":1,"gamma_beasts:red_maple_planks":73,"minecraft:oak_log":16,"iceandfire:ectoplasm":8,"minecraft:golden_boots":1,"minecraft:cobblestone_wall":2,"minecraft:gunpowder":11,"iceandfire:dragonscales_blue":15,"minecraft:blue_bed":6,"minecraft:paper":48,"minecraft:white_banner":1,"gamma_beasts:prehnite_armor_helmet":1,"minecraft:coast_armor_trim_smithing_template":2,"minecraft:red_carpet":11,"minecraft:stone_bricks":28,"minecraft:gray_carpet":7,"gamma_beasts:meat":2,"minecraft:warped_stem":1,"iceandfire:dragon_stick":2,"irons_spellbooks:blood_vial":11,"minecraft:iron_ingot":51,"minecraft:cobweb":1,"weaponmaster:tutorialbook":2,"minecraft:glass_bottle":1,"irons_spellbooks:cinder_essence":2,"minecraft:iron_sword":8,"minecraft:purple_concrete":1,"minecraft:dark_oak_stairs":1,"gamma_beasts:prehnite_axe":1,"minecraft:book":55,"iceandfire:dragon_horn":1,"minecraft:sweet_berries":84,"minecraft:chiseled_stone_bricks":2,"minecraft:dandelion":1,"minecraft:dripstone_block":1,"minecraft:gravel":6,"minecraft:spruce_sapling":12,"minecraft:white_bed":14,"minecraft:spruce_log":263,"minecraft:spider_eye":4,"minecraft:spruce_door":9,"minecraft:leather_helmet":1,"gamma_beasts:spruce_leaf":7,"gamma_beasts:prehnite_pickaxe":1,"tetra:geode":1,"minecraft:stone_axe":2,"minecraft:iron_helmet":1,"minecraft:warped_roots":9,"minecraft:baked_potato":45,"minecraft:black_wool":1,"minecraft:coal":12,"minecraft:hopper":7,"minecraft:ender_pearl":4},"minecraft:broken":{"minecraft:iron_boots":1,"minecraft:wooden_sword":1,"minecraft:stone_axe":7,"minecraft:iron_sword":1,"minecraft:stone_shovel":1,"minecraft:stone_hoe":1,"minecraft:shield":2,"gamma_beasts:prehnite_armor_helmet":1},"minecraft:dropped":{"minecraft:spruce_sign":3,"minecraft:iron_sword":4,"minecraft:dark_oak_stairs":1,"minecraft:baked_potato":7,"minecraft:cooked_beef":6,"minecraft:oak_log":12,"iceandfire:silver_axe":3,"minecraft:ender_pearl":3,"minecraft:glass_bottle":3,"minecraft:cooked_porkchop":3,"minecraft:crossbow":1,"minecraft:glow_berries":15,"minecraft:warped_roots":7,"minecraft:leather":7,"iceandfire:ectoplasm":14,"minecraft:rail":2,"minecraft:leather_helmet":1,"minecraft:red_carpet":4,"paraglider:spirit_orb":2,"minecraft:emerald":48,"gamma_beasts:prehnite_armor_leggings":1,"minecraft:dirt":14,"minecraft:snowball":129,"irons_spellbooks:arcane_essence":2,"gravestone:obituary":222,"minecraft:gold_nugget":8,"minecraft:iron_pickaxe":1,"minecraft:cyan_carpet":7,"minecraft:gold_ingot":1,"minecraft:crimson_fungus":1,"minecraft:iron_nugget":1,"minecraft:cobbled_deepslate":2,"minecraft:purple_banner":1,"paraglider:goddess_statue":1,"minecraft:grindstone":2,"minecraft:rotten_flesh":38,"minecraft:light_gray_carpet":1,"minecraft:white_bed":6,"iceandfire:frozen_grass":2,"minecraft:salmon":3,"iceandfire:dragonscales_blue":15,"minecraft:poppy":2,"minecraft:gunpowder":1,"minecraft:hopper":10,"minecraft:chest":1,"iceandfire:frost_lily":2,"minecraft:leather_leggings":1,"minecraft:spruce_slab":1,"minecraft:arrow":7,"minecraft:powered_rail":3,"gamma_beasts:fur":2,"minecraft:purple_carpet":1,"minecraft:enchanted_book":2,"minecraft:stone_hoe":3,"minecraft:iron_ingot":10,"minecraft:bread":16,"minecraft:netherite_pickaxe":2,"minecraft:wheat_seeds":8,"irons_spellbooks:legendary_ink":1,"gamma_beasts:coal_nugget":4,"weaponmaster:tutorialbook":2,"gamma_beasts:prehnite_axe":2,"minecraft:netherite_chestplate":1,"minecraft:iron_helmet":1,"minecraft:cobblestone":4,"minecraft:purple_concrete":1,"minecraft:hopper_minecart":2,"minecraft:spruce_door":1,"minecraft:spruce_stairs":8,"minecraft:yellow_carpet":11,"iceandfire:dragon_flute":1,"minecraft:spruce_fence_gate":2,"minecraft:stick":4,"irons_spellbooks:scroll":5,"minecraft:cobweb":1,"irons_spellbooks:affinity_ring":1,"gamma_beasts:red_maple_planks":33,"minecraft:diorite":10,"minecraft:torch":103,"gamma_beasts:spruce_leaf":7,"minecraft:wooden_axe":2,"minecraft:rabbit":2,"minecraft:potion":2,"irons_spellbooks:blood_vial":3,"minecraft:iron_axe":5,"minecraft:paper":3,"minecraft:string":19,"irons_spellbooks:frozen_bone":3,"minecraft:bucket":3,"minecraft:gray_carpet":1,"minecraft:spruce_sapling":4,"iceandfire:armor_sapphire_leggings":1,"minecraft:redstone":20,"minecraft:dandelion":1,"minecraft:oak_trapdoor":4,"minecraft:stone_sword":2,"minecraft:dark_oak_sign":3,"minecraft:bowl":3,"tetra:geode":1,"minecraft:tuff":4,"minecraft:raw_iron":7,"minecraft:composter":2,"minecraft:stone_shovel":2,"minecraft:white_carpet":6,"iceandfire:dragon_skull_ice":2,"minecraft:name_tag":1,"minecraft:spruce_fence":2,"minecraft:filled_map":2,"minecraft:diamond_sword":5,"gamma_beasts:prehnite_armor_chestplate":1,"minecraft:potato":1,"minecraft:spruce_boat":2,"gamma_beasts:meat":2,"minecraft:shield":1,"minecraft:flower_pot":2,"minecraft:allium":1,"iceandfire:copper_sword":1,"iceandfire:frozen_splinters":2,"minecraft:spruce_trapdoor":8,"minecraft:spruce_planks":225,"minecraft:iron_chestplate":1,"minecraft:golden_leggings":1,"minecraft:spider_eye":4,"minecraft:brown_carpet":1,"minecraft:slime_ball":3,"minecraft:spruce_log":119,"minecraft:bow":2,"waystones:waystone":1,"minecraft:wooden_pickaxe":3,"minecraft:bell":1,"minecraft:cyan_bed":1,"simplyswords:iron_greathammer":1},"minecraft:used":{"minecraft:spruce_slab":150,"iceandfire:dragon_skull_ice":1,"minecraft:chest":10,"minecraft:shield":131,"minecraft:stone":1,"minecraft:iron_sword":883,"minecraft:bell":1,"minecraft:rotten_flesh":43,"minecraft:iron_chestplate":2,"minecraft:mutton":2,"minecraft:carrot":7,"gamma_beasts:prehnite_pickaxe":1,"minecraft:snowball":63,"minecraft:stripped_spruce_log":4,"minecraft:spruce_boat":18,"minecraft:lantern":1,"minecraft:stone_bricks":63,"minecraft:item_frame":1,"minecraft:rabbit_stew":3,"minecraft:bow":73,"gamma_beasts:red_maple_planks":48,"minecraft:sweet_berries":78,"minecraft:furnace":1,"minecraft:egg":1,"iceandfire:armor_sapphire_leggings":1,"minecraft:potato":58,"minecraft:oak_planks":5,"minecraft:composter":1,"minecraft:blue_bed":5,"minecraft:white_wool":1,"gamma_beasts:red_maple_stairs":1,"minecraft:golden_apple":1,"minecraft:glow_berries":17,"minecraft:sand":27,"iceandfire:silver_axe":26,"simplyswords:iron_greathammer":29,"waystones:waystone":1,"minecraft:bread":43,"minecraft:cyan_bed":5,"minecraft:gravel":2,"minecraft:red_terracotta":2,"minecraft:wooden_sword":58,"minecraft:diamond_sword":27,"minecraft:experience_bottle":2,"minecraft:bone_meal":6,"minecraft:cobweb":1,"minecraft:stone_sword":45,"minecraft:stone_shovel":221,"minecraft:spruce_planks":1587,"minecraft:cooked_salmon":3,"minecraft:stone_hoe":211,"minecraft:netherrack":62,"minecraft:torch":82,"minecraft:dirt":119,"minecraft:warped_wart_block":1,"minecraft:hopper":8,"minecraft:spruce_stairs":2,"minecraft:cobblestone_wall":2,"minecraft:granite":6,"minecraft:dark_oak_planks":5,"minecraft:wooden_axe":4,"minecraft:iron_axe":395,"iceandfire:dragon_ice":4,"minecraft:basalt":2,"minecraft:beef":3,"minecraft:netherite_pickaxe":50,"minecraft:cooked_beef":2,"minecraft:iron_leggings":1,"minecraft:wheat_seeds":1,"minecraft:water_bucket":117,"minecraft:warped_stem":1,"minecraft:bundle":2,"minecraft:baked_potato":164,"minecraft:cauldron":1,"minecraft:cracked_stone_bricks":2,"minecraft:salmon":4,"minecraft:crafting_table":19,"minecraft:red_bed":2,"minecraft:white_bed":9,"minecraft:spruce_log":21,"minecraft:oak_log":4,"minecraft:wooden_hoe":2,"minecraft:iron_pickaxe":241,"iceandfire:graveyard_soil":2,"minecraft:spruce_trapdoor":73,"minecraft:spruce_sapling":7,"minecraft:stone_axe":854,"minecraft:chiseled_stone_bricks":2,"minecraft:cobblestone":52,"minecraft:potion":4,"minecraft:porkchop":15,"minecraft:cooked_porkchop":5,"minecraft:bucket":117,"minecraft:stripped_oak_log":18},"minecraft:custom":{"minecraft:interact_with_crafting_table":92,"minecraft:open_barrel":76,"minecraft:bell_ring":53,"minecraft:eat_cake_slice":8,"minecraft:leave_game":13,"minecraft:time_since_death":3672,"minecraft:damage_resisted":131,"minecraft:sprint_one_cm":2348305,"minecraft:damage_blocked_by_shield":5902,"minecraft:drop":734,"minecraft:talked_to_villager":4,"minecraft:play_time":1010685,"minecraft:deaths":85,"minecraft:jump":16542,"minecraft:interact_with_brewingstand":1,"minecraft:walk_on_water_one_cm":211753,"minecraft:enchant_item":1,"minecraft:interact_with_furnace":56,"minecraft:sleep_in_bed":31,"minecraft:waystone_activated":3,"minecraft:open_enderchest":2,"minecraft:damage_dealt":51828,"minecraft:player_kills":2,"minecraft:crouch_one_cm":217634,"minecraft:interact_with_smoker":42,"minecraft:interact_with_smithing_table":2,"minecraft:horse_one_cm":989304,"minecraft:interact_with_anvil":4,"minecraft:mob_kills":192,"minecraft:inspect_hopper":21,"minecraft:damage_dealt_resisted":57,"minecraft:climb_one_cm":15993,"minecraft:walk_one_cm":3191891,"minecraft:damage_dealt_absorbed":85,"minecraft:sneak_time":81919,"minecraft:walk_under_water_one_cm":147975,"minecraft:boat_one_cm":145248,"minecraft:interact_with_blast_furnace":15,"minecraft:total_world_time":1010685,"minecraft:interact_with_grindstone":2,"minecraft:time_since_rest":3698,"minecraft:damage_absorbed":40,"minecraft:damage_taken":38062,"minecraft:trigger_trapped_chest":2,"minecraft:swim_one_cm":173131,"minecraft:fly_one_cm":2546407,"minecraft:open_chest":303,"minecraft:fall_one_cm":405342}},"DataVersion":3465}