{"stats":{"minecraft:dropped":{"minecraft:enchanted_book":2,"minecraft:bread":11,"minecraft:iron_sword":2,"minecraft:wheat_seeds":4,"minecraft:oak_log":12,"iceandfire:silver_axe":2,"irons_spellbooks:legendary_ink":1,"minecraft:glass_bottle":2,"weaponmaster:tutorialbook":2,"minecraft:cooked_porkchop":1,"minecraft:cobblestone":4,"minecraft:glow_berries":15,"minecraft:leather":5,"iceandfire:ectoplasm":14,"minecraft:yellow_carpet":11,"minecraft:red_carpet":4,"minecraft:stick":4,"minecraft:emerald":48,"irons_spellbooks:scroll":5,"minecraft:cobweb":1,"minecraft:dirt":12,"irons_spellbooks:affinity_ring":1,"gamma_beasts:red_maple_planks":33,"minecraft:torch":37,"gamma_beasts:spruce_leaf":3,"minecraft:wooden_axe":2,"irons_spellbooks:blood_vial":3,"gravestone:obituary":168,"minecraft:gold_nugget":2,"minecraft:paper":3,"minecraft:string":17,"minecraft:spruce_sapling":3,"minecraft:redstone":20,"minecraft:gold_ingot":1,"minecraft:cobbled_deepslate":2,"minecraft:bowl":3,"minecraft:tuff":4,"minecraft:raw_iron":5,"minecraft:white_carpet":6,"minecraft:rotten_flesh":19,"minecraft:grindstone":2,"minecraft:light_gray_carpet":1,"iceandfire:dragon_skull_ice":2,"minecraft:name_tag":1,"minecraft:white_bed":1,"iceandfire:frozen_grass":2,"minecraft:salmon":3,"minecraft:filled_map":2,"minecraft:diamond_sword":1,"gamma_beasts:meat":2,"minecraft:gunpowder":1,"iceandfire:copper_sword":1,"iceandfire:frost_lily":2,"minecraft:bow":1,"minecraft:spruce_log":118,"minecraft:spider_eye":1,"minecraft:brown_carpet":1,"minecraft:spruce_slab":1,"minecraft:arrow":7,"minecraft:powered_rail":3,"minecraft:wooden_pickaxe":3,"minecraft:purple_carpet":1,"gamma_beasts:fur":2},"minecraft:broken":{"minecraft:shield":1,"minecraft:wooden_sword":1,"minecraft:stone_axe":1},"minecraft:killed":{"minecraft:vex":1,"minecraft:evoker":1,"minecraft:spider":1,"minecraft:vindicator":1,"minecraft:skeleton":2,"gamma_beasts:sppinto_a":1,"minecraft:pig":7,"minecraft:salmon":5,"minecraft:iron_golem":1,"minecraft:creeper":1,"minecraft:sheep":3,"minecraft:pillager":2,"minecraft:zombie":6,"minecraft:cow":6},"minecraft:used":{"minecraft:stone_sword":31,"minecraft:spruce_planks":48,"minecraft:shield":52,"minecraft:stone":1,"minecraft:iron_sword":66,"minecraft:rotten_flesh":2,"minecraft:torch":6,"minecraft:dirt":34,"minecraft:mutton":2,"minecraft:carrot":3,"gamma_beasts:prehnite_pickaxe":1,"minecraft:granite":6,"minecraft:dark_oak_planks":1,"minecraft:wooden_axe":4,"iceandfire:dragon_ice":4,"minecraft:stone_bricks":33,"minecraft:rabbit_stew":3,"minecraft:bow":14,"minecraft:beef":2,"gamma_beasts:red_maple_planks":48,"minecraft:sweet_berries":57,"minecraft:furnace":1,"minecraft:egg":1,"minecraft:potato":18,"minecraft:cooked_beef":2,"minecraft:wheat_seeds":1,"minecraft:water_bucket":9,"minecraft:bundle":2,"minecraft:blue_bed":5,"minecraft:cracked_stone_bricks":2,"minecraft:white_wool":1,"minecraft:salmon":2,"minecraft:golden_apple":1,"minecraft:glow_berries":7,"minecraft:crafting_table":3,"minecraft:red_bed":2,"minecraft:white_bed":1,"iceandfire:silver_axe":26,"minecraft:spruce_log":16,"minecraft:oak_log":4,"waystones:waystone":1,"minecraft:bread":31,"minecraft:cyan_bed":5,"minecraft:iron_pickaxe":123,"iceandfire:graveyard_soil":2,"minecraft:spruce_sapling":4,"minecraft:gravel":2,"minecraft:stone_axe":233,"minecraft:chiseled_stone_bricks":2,"minecraft:wooden_sword":58,"minecraft:diamond_sword":19,"minecraft:potion":1,"minecraft:cobblestone":36,"minecraft:cooked_porkchop":2,"minecraft:porkchop":13,"minecraft:bucket":10,"minecraft:bone_meal":6,"minecraft:stripped_oak_log":18,"minecraft:cobweb":1},"minecraft:custom":{"minecraft:interact_with_anvil":2,"minecraft:mob_kills":39,"minecraft:interact_with_crafting_table":12,"minecraft:open_barrel":54,"minecraft:eat_cake_slice":3,"minecraft:leave_game":4,"minecraft:time_since_death":70329,"minecraft:climb_one_cm":3740,"minecraft:damage_resisted":107,"minecraft:sprint_one_cm":895652,"minecraft:walk_one_cm":949465,"minecraft:damage_blocked_by_shield":2647,"minecraft:drop":404,"minecraft:damage_dealt_absorbed":85,"minecraft:play_time":301813,"minecraft:deaths":49,"minecraft:sneak_time":7028,"minecraft:walk_under_water_one_cm":40180,"minecraft:interact_with_brewingstand":1,"minecraft:jump":5614,"minecraft:interact_with_blast_furnace":3,"minecraft:walk_on_water_one_cm":107743,"minecraft:total_world_time":301813,"minecraft:interact_with_furnace":20,"minecraft:sleep_in_bed":16,"minecraft:time_since_rest":17409,"minecraft:waystone_activated":2,"minecraft:damage_absorbed":40,"minecraft:open_enderchest":2,"minecraft:damage_taken":16958,"minecraft:trigger_trapped_chest":2,"minecraft:damage_dealt":9081,"minecraft:swim_one_cm":90837,"minecraft:fly_one_cm":979942,"minecraft:player_kills":1,"minecraft:open_chest":58,"minecraft:crouch_one_cm":14404,"minecraft:interact_with_smoker":8,"minecraft:fall_one_cm":104116},"minecraft:mined":{"minecraft:spruce_planks":6,"minecraft:white_bed":3,"gravestone:gravestone":48,"minecraft:granite":12,"minecraft:grass_block":13,"iceandfire:frozen_grass":1,"minecraft:polished_andesite_slab":1,"minecraft:spruce_leaves":55,"minecraft:large_fern":7,"minecraft:hay_block":10,"minecraft:carrots":2,"minecraft:iron_ore":8,"minecraft:potatoes":14,"minecraft:dirt_path":1,"minecraft:purple_carpet":1,"minecraft:stripped_oak_log":18,"minecraft:packed_ice":10,"iceandfire:frost_lily":1,"minecraft:stone":35,"minecraft:light_gray_carpet":1,"minecraft:red_bed":2,"minecraft:torch":1,"minecraft:crafting_table":3,"gamma_beasts:abeto_hoja_1":3,"minecraft:cobblestone":36,"minecraft:cyan_bed":5,"minecraft:iron_door":1,"minecraft:wall_torch":5,"minecraft:blue_bed":7,"minecraft:wheat":5,"minecraft:sweet_berry_bush":29,"minecraft:white_carpet":3,"minecraft:spruce_log":171,"minecraft:grass":7,"minecraft:oak_log":10,"minecraft:gravel":3,"minecraft:dirt":19,"minecraft:cobweb":2,"minecraft:stone_bricks":20,"gamma_beasts:red_maple_log":12,"minecraft:oak_leaves":6,"minecraft:fern":7},"minecraft:picked_up":{"minecraft:wooden_axe":2,"irons_spellbooks:scroll":3,"minecraft:fishing_rod":1,"minecraft:iron_chestplate":1,"minecraft:crafting_table":3,"iceandfire:copper_sword":3,"irons_spellbooks:affinity_ring":3,"gamma_beasts:fur":2,"minecraft:diamond_sword":1,"minecraft:wooden_pickaxe":4,"minecraft:stone_brick_wall":1,"minecraft:potion":2,"minecraft:enchanted_book":1,"gravestone:obituary":136,"iceandfire:frozen_grass":2,"minecraft:string":20,"minecraft:red_bed":2,"minecraft:iron_leggings":1,"minecraft:white_carpet":6,"minecraft:cracked_stone_bricks":1,"minecraft:gold_nugget":2,"minecraft:cobbled_deepslate":10,"iceandfire:frost_lily":2,"minecraft:spruce_planks":80,"minecraft:beef":15,"gamma_beasts:red_maple_log":12,"minecraft:poppy":1,"minecraft:iron_pickaxe":1,"minecraft:spruce_slab":1,"minecraft:iron_boots":2,"minecraft:furnace":1,"minecraft:egg":1,"minecraft:stick":29,"minecraft:raw_iron":25,"iceandfire:dragonbone":27,"minecraft:stone":3,"minecraft:torch":76,"minecraft:porkchop":18,"minecraft:carrot":4,"minecraft:redstone":17,"minecraft:cauldron":1,"minecraft:dark_oak_planks":1,"minecraft:brown_carpet":1,"iceandfire:dragon_skull_ice":2,"minecraft:arrow":17,"minecraft:rotten_flesh":24,"minecraft:hay_block":9,"minecraft:gold_ingot":1,"minecraft:totem_of_undying":2,"minecraft:glow_berries":31,"minecraft:mutton":4,"irons_spellbooks:cooldown_ring":1,"minecraft:skeleton_skull":1,"minecraft:white_wool":2,"minecraft:cobblestone":165,"minecraft:stripped_oak_log":18,"iceandfire:silver_axe":1,"iceandfire:sapphire_gem":1,"minecraft:cooked_beef":2,"minecraft:iron_door":1,"minecraft:salmon":5,"minecraft:leather":9,"minecraft:potato":17,"minecraft:filled_map":2,"gamma_beasts:red_maple_planks":73,"minecraft:tuff":8,"minecraft:oak_log":16,"iceandfire:ectoplasm":8,"minecraft:golden_boots":1,"minecraft:gunpowder":2,"minecraft:lapis_lazuli":24,"minecraft:blue_bed":6,"minecraft:dirt":47,"minecraft:paper":48,"minecraft:lantern":2,"minecraft:white_banner":1,"minecraft:name_tag":1,"minecraft:purple_carpet":1,"minecraft:coast_armor_trim_smithing_template":2,"minecraft:red_carpet":11,"minecraft:bone":7,"minecraft:stone_bricks":23,"minecraft:bow":4,"minecraft:wheat_seeds":7,"gamma_beasts:meat":2,"iceandfire:dragon_stick":2,"minecraft:grindstone":2,"irons_spellbooks:blood_vial":11,"minecraft:iron_ingot":6,"minecraft:cobweb":1,"weaponmaster:tutorialbook":2,"minecraft:glass_bottle":1,"minecraft:powered_rail":4,"minecraft:iron_sword":4,"minecraft:book":55,"minecraft:cooked_porkchop":1,"irons_spellbooks:frozen_bone":6,"iceandfire:dragon_horn":1,"minecraft:sweet_berries":69,"irons_spellbooks:legendary_ink":1,"minecraft:chiseled_stone_bricks":2,"minecraft:gravel":6,"minecraft:spruce_sapling":8,"minecraft:white_bed":4,"minecraft:spruce_log":169,"minecraft:cyan_bed":5,"minecraft:spectral_arrow":42,"minecraft:spider_eye":1,"gamma_beasts:spruce_leaf":3,"gamma_beasts:prehnite_pickaxe":1,"tetra:geode":1,"minecraft:yellow_carpet":24,"irons_spellbooks:divine_pearl":2,"minecraft:diamond":1,"minecraft:stone_axe":2,"waystones:waystone":2,"minecraft:iron_helmet":1,"iceandfire:dragon_ice":4,"minecraft:crossbow":3,"minecraft:granite":13,"minecraft:golden_apple":2,"minecraft:spruce_leaves":1,"minecraft:emerald":64,"minecraft:bread":32,"minecraft:oak_sapling":2,"minecraft:light_gray_carpet":1,"minecraft:black_wool":1,"iceandfire:silver_nugget":16,"minecraft:coal":1,"minecraft:diamond_pickaxe":1,"minecraft:ender_pearl":1},"minecraft:crafted":{"gamma_beasts:red_maple_planks":48,"minecraft:bone_meal":6,"minecraft:wheat":81,"minecraft:cooked_beef":11,"minecraft:cooked_cod":7,"minecraft:cooked_porkchop":2,"minecraft:crafting_table":1,"minecraft:spruce_planks":140,"minecraft:wooden_pickaxe":1,"minecraft:stone_axe":2,"minecraft:bread":27,"minecraft:air":0,"minecraft:shield":1,"minecraft:stick":4,"minecraft:iron_ingot":8,"minecraft:wooden_axe":1,"minecraft:stone_sword":1}},"DataVersion":3465}