{"stats":{"minecraft:crafted":{"gamma_beasts:red_maple_planks":48,"minecraft:hopper":12,"minecraft:iron_boots":1,"minecraft:netherite_boots":6,"minecraft:chest":23,"minecraft:stone_hoe":3,"sophisticatedbackpacks:backpack":1,"minecraft:cooked_porkchop":5,"minecraft:crafting_table":4,"minecraft:spruce_planks":2328,"minecraft:iron_helmet":4,"minecraft:wooden_pickaxe":1,"minecraft:baked_potato":87,"minecraft:spruce_trapdoor":66,"minecraft:iron_chestplate":1,"minecraft:wooden_hoe":1,"minecraft:shield":2,"minecraft:stick":64,"minecraft:iron_ingot":8,"minecraft:iron_pickaxe":1,"minecraft:stone_sword":1,"minecraft:spruce_fence_gate":1,"minecraft:stone_shovel":2,"minecraft:bone_meal":6,"minecraft:oak_trapdoor":2,"minecraft:netherite_chestplate":1,"minecraft:spruce_stairs":12,"minecraft:iron_axe":6,"minecraft:spruce_slab":108,"minecraft:spruce_boat":2,"minecraft:wheat":81,"minecraft:cooked_beef":14,"minecraft:cooked_cod":7,"minecraft:netherite_pickaxe":1,"minecraft:spruce_sign":3,"minecraft:iron_sword":4,"minecraft:bucket":4,"minecraft:stone_axe":7,"minecraft:bread":27,"minecraft:air":0,"minecraft:wooden_axe":1,"minecraft:iron_leggings":5,"minecraft:torch":96},"minecraft:killed":{"minecraft:witch":1,"enemyexpansion:equestrian":3,"minecraft:spider":3,"minecraft:skeleton":8,"minecraft:piglin_brute":33,"minecraft:pig":10,"minecraft:salmon":7,"minecraft:iron_golem":3,"minecraft:creeper":6,"minecraft:sheep":3,"minecraft:pillager":2,"enemyexpansion:meature":2,"minecraft:zombie":13,"minecraft:stray":1,"enemyexpansion:botfly":8,"minecraft:ghast":1,"minecraft:cow":8,"minecraft:evoker":1,"minecraft:vex":1,"minecraft:vindicator":1,"enemyexpansion:direwolf":5,"gamma_beasts:sppinto_a":1,"minecraft:husk":11,"enemyexpansion:sprinter":1,"mythicmounts:netherbat":1,"iceandfire:ghost":2,"iceandfire:ice_dragon":1,"minecraft:enderman":3,"enemyexpansion:slugger":2},"minecraft:mined":{"minecraft:stripped_warped_stem":1,"minecraft:spruce_planks":135,"minecraft:white_bed":12,"minecraft:farmland":2,"minecraft:spruce_trapdoor":9,"minecraft:granite":12,"minecraft:grass_block":27,"minecraft:composter":2,"minecraft:hopper":6,"minecraft:spawner":2,"minecraft:iron_ore":9,"minecraft:fire":5,"minecraft:dark_oak_stairs":2,"minecraft:dirt_path":4,"minecraft:water_cauldron":1,"minecraft:purple_carpet":1,"minecraft:stripped_mangrove_wood":3,"minecraft:spruce_slab":15,"minecraft:red_bed":2,"minecraft:torch":5,"iceandfire:dragon_ice_spikes":15,"minecraft:calcite":4,"minecraft:chest":1,"minecraft:dead_bush":1,"minecraft:cobblestone":39,"minecraft:cyan_bed":6,"minecraft:iron_door":1,"minecraft:wall_torch":5,"minecraft:wheat":5,"minecraft:grass":17,"minecraft:oak_log":10,"minecraft:sand":7,"minecraft:dirt":43,"gamma_beasts:red_maple_log":13,"minecraft:oak_leaves":6,"iceandfire:frozen_cobblestone":1,"gravestone:gravestone":75,"minecraft:spruce_fence":3,"iceandfire:frozen_grass":2,"iceandfire:frozen_splinters":2,"minecraft:polished_andesite_slab":1,"minecraft:spruce_leaves":72,"minecraft:hay_block":10,"minecraft:large_fern":7,"minecraft:black_stained_glass_pane":4,"minecraft:oak_trapdoor":1,"minecraft:carrots":2,"minecraft:snow":218,"minecraft:stripped_spruce_log":288,"minecraft:bell":1,"minecraft:potatoes":38,"minecraft:stripped_oak_log":18,"minecraft:packed_ice":13,"iceandfire:frost_lily":1,"minecraft:stone":43,"minecraft:bone_block":21,"minecraft:light_gray_carpet":1,"minecraft:dandelion":1,"minecraft:crafting_table":10,"gamma_beasts:abeto_hoja_1":3,"minecraft:warped_roots":1,"minecraft:rose_bush":1,"minecraft:blue_bed":7,"minecraft:warped_wart_block":1,"minecraft:spruce_stairs":1,"minecraft:cobblestone_wall":3,"minecraft:stripped_spruce_wood":176,"minecraft:sweet_berry_bush":37,"minecraft:ice":37,"minecraft:white_carpet":3,"minecraft:spruce_log":265,"minecraft:coal_ore":11,"minecraft:gravel":3,"minecraft:gray_carpet":1,"minecraft:cobweb":2,"minecraft:stone_bricks":27,"minecraft:fern":18,"minecraft:dark_oak_planks":1},"minecraft:killed_by":{"minecraft:player":1},"minecraft:picked_up":{"minecraft:wooden_axe":2,"irons_spellbooks:scroll":3,"minecraft:iron_chestplate":1,"iceandfire:copper_sword":3,"irons_spellbooks:affinity_ring":3,"gamma_beasts:fur":2,"minecraft:diamond_sword":3,"minecraft:potion":5,"minecraft:enchanted_book":1,"minecraft:string":26,"minecraft:cooked_salmon":3,"minecraft:iron_leggings":3,"minecraft:gold_nugget":8,"minecraft:cobbled_deepslate":10,"iceandfire:frost_lily":2,"minecraft:spruce_planks":269,"minecraft:rose_bush":1,"minecraft:calcite":4,"minecraft:iron_pickaxe":1,"minecraft:hopper_minecart":1,"minecraft:iron_boots":2,"minecraft:furnace":1,"minecraft:stick":34,"minecraft:composter":3,"minecraft:torch":132,"minecraft:spruce_stairs":6,"minecraft:porkchop":23,"minecraft:diorite":10,"gamma_beasts:red_maple_stairs":1,"minecraft:cauldron":2,"minecraft:brown_carpet":1,"minecraft:rotten_flesh":53,"gamma_beasts:coal_nugget":5,"minecraft:netherite_chestplate":2,"irons_spellbooks:cooldown_ring":2,"minecraft:snowball":270,"minecraft:cobblestone":181,"iceandfire:sapphire_gem":1,"minecraft:cooked_beef":2,"minecraft:iron_door":1,"minecraft:golden_leggings":2,"minecraft:potato":48,"paraglider:spirit_orb":4,"minecraft:tuff":8,"minecraft:stripped_spruce_wood":174,"minecraft:lapis_lazuli":24,"minecraft:dirt":147,"minecraft:lantern":3,"minecraft:name_tag":1,"minecraft:purple_carpet":1,"minecraft:bone":12,"minecraft:bow":8,"minecraft:wheat_seeds":10,"minecraft:bell":1,"minecraft:grindstone":2,"minecraft:dark_oak_sign":3,"minecraft:rabbit":1,"minecraft:powered_rail":4,"minecraft:stone_hoe":2,"minecraft:oak_planks":13,"irons_spellbooks:frozen_bone":12,"minecraft:cooked_porkchop":1,"irons_spellbooks:legendary_ink":1,"minecraft:poisonous_potato":1,"minecraft:sand":7,"minecraft:stripped_spruce_log":289,"minecraft:cyan_bed":6,"minecraft:spectral_arrow":42,"minecraft:polished_andesite":1,"minecraft:spruce_fence_gate":1,"minecraft:yellow_carpet":24,"minecraft:diamond":1,"minecraft:spruce_boat":20,"irons_spellbooks:divine_pearl":2,"waystones:waystone":2,"iceandfire:dragon_ice":4,"minecraft:crossbow":4,"minecraft:granite":13,"minecraft:golden_apple":2,"minecraft:emerald":64,"minecraft:bread":32,"minecraft:oak_sapling":2,"minecraft:light_gray_carpet":1,"iceandfire:silver_nugget":16,"minecraft:diamond_pickaxe":1,"minecraft:spruce_leaves":1,"minecraft:fishing_rod":1,"minecraft:crafting_table":10,"minecraft:leather_leggings":1,"minecraft:wooden_pickaxe":4,"minecraft:stone_brick_wall":1,"gravestone:obituary":143,"iceandfire:frozen_grass":2,"minecraft:red_bed":2,"minecraft:oak_trapdoor":1,"iceandfire:frozen_splinters":2,"minecraft:iron_axe":3,"minecraft:item_frame":1,"minecraft:white_carpet":6,"minecraft:cyan_carpet":14,"minecraft:cracked_stone_bricks":1,"minecraft:stripped_warped_stem":1,"minecraft:beef":18,"gamma_beasts:red_maple_log":12,"minecraft:poppy":5,"minecraft:spruce_slab":41,"minecraft:chest":1,"minecraft:spruce_trapdoor":15,"iceandfire:ice_dragon_heart":1,"minecraft:egg":1,"minecraft:raw_iron":27,"iceandfire:dragonbone":41,"minecraft:stone":3,"minecraft:spruce_fence":2,"minecraft:carrot":5,"minecraft:redstone":17,"minecraft:netherite_pickaxe":4,"minecraft:dark_oak_planks":2,"iceandfire:dragon_skull_ice":4,"minecraft:arrow":33,"minecraft:stone_shovel":1,"minecraft:hay_block":9,"minecraft:gold_ingot":1,"minecraft:totem_of_undying":2,"minecraft:glow_berries":31,"minecraft:mutton":4,"minecraft:bone_block":22,"minecraft:skeleton_skull":1,"minecraft:white_wool":2,"iceandfire:silver_axe":2,"minecraft:stripped_oak_log":18,"minecraft:netherite_boots":2,"minecraft:salmon":7,"minecraft:leather":13,"minecraft:filled_map":2,"gamma_beasts:red_maple_planks":73,"minecraft:crimson_fungus":1,"minecraft:oak_log":16,"iceandfire:ectoplasm":8,"minecraft:golden_boots":1,"minecraft:cobblestone_wall":2,"minecraft:gunpowder":6,"iceandfire:dragonscales_blue":15,"minecraft:blue_bed":6,"minecraft:paper":48,"minecraft:white_banner":1,"minecraft:coast_armor_trim_smithing_template":2,"minecraft:red_carpet":11,"minecraft:stone_bricks":28,"minecraft:gray_carpet":7,"gamma_beasts:meat":2,"minecraft:warped_stem":1,"iceandfire:dragon_stick":2,"irons_spellbooks:blood_vial":11,"minecraft:iron_ingot":35,"minecraft:cobweb":1,"weaponmaster:tutorialbook":2,"minecraft:glass_bottle":1,"minecraft:iron_sword":6,"minecraft:dark_oak_stairs":1,"minecraft:book":55,"iceandfire:dragon_horn":1,"minecraft:sweet_berries":84,"minecraft:chiseled_stone_bricks":2,"minecraft:dandelion":1,"minecraft:dripstone_block":1,"minecraft:gravel":6,"minecraft:spruce_sapling":12,"minecraft:white_bed":14,"minecraft:spruce_log":263,"minecraft:spruce_door":9,"minecraft:spider_eye":3,"minecraft:leather_helmet":1,"gamma_beasts:spruce_leaf":7,"gamma_beasts:prehnite_pickaxe":1,"tetra:geode":1,"minecraft:stone_axe":2,"minecraft:iron_helmet":1,"minecraft:warped_roots":7,"minecraft:baked_potato":26,"minecraft:black_wool":1,"minecraft:coal":12,"minecraft:hopper":7,"minecraft:ender_pearl":4},"minecraft:broken":{"minecraft:iron_boots":1,"minecraft:wooden_sword":1,"minecraft:stone_axe":7,"minecraft:iron_sword":1,"minecraft:stone_shovel":1,"minecraft:stone_hoe":1,"minecraft:shield":1},"minecraft:dropped":{"minecraft:spruce_sign":3,"minecraft:iron_sword":4,"minecraft:dark_oak_stairs":1,"minecraft:cooked_beef":3,"minecraft:oak_log":12,"iceandfire:silver_axe":3,"minecraft:ender_pearl":3,"minecraft:glass_bottle":3,"minecraft:cooked_porkchop":1,"minecraft:crossbow":1,"minecraft:glow_berries":15,"minecraft:warped_roots":7,"minecraft:leather":7,"iceandfire:ectoplasm":14,"minecraft:rail":2,"minecraft:leather_helmet":1,"minecraft:red_carpet":4,"paraglider:spirit_orb":2,"minecraft:emerald":48,"minecraft:dirt":14,"minecraft:snowball":111,"irons_spellbooks:arcane_essence":2,"gravestone:obituary":200,"minecraft:gold_nugget":8,"minecraft:cyan_carpet":7,"minecraft:gold_ingot":1,"minecraft:crimson_fungus":1,"minecraft:cobbled_deepslate":2,"minecraft:grindstone":2,"minecraft:rotten_flesh":28,"minecraft:light_gray_carpet":1,"minecraft:white_bed":6,"iceandfire:frozen_grass":2,"minecraft:salmon":3,"iceandfire:dragonscales_blue":15,"minecraft:poppy":2,"minecraft:gunpowder":1,"minecraft:hopper":10,"minecraft:chest":1,"iceandfire:frost_lily":2,"minecraft:leather_leggings":1,"minecraft:spruce_slab":1,"minecraft:powered_rail":3,"minecraft:arrow":7,"gamma_beasts:fur":2,"minecraft:purple_carpet":1,"minecraft:enchanted_book":2,"minecraft:stone_hoe":3,"minecraft:iron_ingot":10,"minecraft:bread":16,"minecraft:netherite_pickaxe":2,"minecraft:wheat_seeds":8,"irons_spellbooks:legendary_ink":1,"gamma_beasts:coal_nugget":4,"weaponmaster:tutorialbook":2,"minecraft:netherite_chestplate":1,"minecraft:cobblestone":4,"minecraft:hopper_minecart":2,"minecraft:spruce_door":1,"minecraft:spruce_stairs":8,"minecraft:yellow_carpet":11,"minecraft:spruce_fence_gate":2,"minecraft:stick":4,"irons_spellbooks:scroll":5,"minecraft:cobweb":1,"irons_spellbooks:affinity_ring":1,"gamma_beasts:red_maple_planks":33,"minecraft:diorite":10,"minecraft:torch":103,"gamma_beasts:spruce_leaf":7,"minecraft:wooden_axe":2,"minecraft:rabbit":2,"minecraft:potion":2,"irons_spellbooks:blood_vial":3,"minecraft:iron_axe":4,"minecraft:paper":3,"minecraft:string":19,"minecraft:bucket":2,"minecraft:gray_carpet":1,"minecraft:spruce_sapling":4,"minecraft:redstone":20,"minecraft:dandelion":1,"minecraft:oak_trapdoor":4,"minecraft:dark_oak_sign":3,"minecraft:bowl":3,"tetra:geode":1,"minecraft:tuff":4,"minecraft:raw_iron":7,"minecraft:composter":2,"minecraft:stone_shovel":2,"minecraft:white_carpet":6,"iceandfire:dragon_skull_ice":2,"minecraft:name_tag":1,"minecraft:spruce_fence":2,"minecraft:filled_map":2,"minecraft:diamond_sword":3,"minecraft:potato":1,"minecraft:spruce_boat":2,"gamma_beasts:meat":2,"iceandfire:copper_sword":1,"iceandfire:frozen_splinters":2,"minecraft:spruce_trapdoor":8,"minecraft:spruce_planks":225,"minecraft:iron_chestplate":1,"minecraft:golden_leggings":1,"minecraft:spider_eye":3,"minecraft:brown_carpet":1,"minecraft:spruce_log":119,"minecraft:bow":2,"minecraft:wooden_pickaxe":3,"minecraft:bell":1,"minecraft:cyan_bed":1},"minecraft:used":{"minecraft:spruce_slab":150,"iceandfire:dragon_skull_ice":1,"minecraft:chest":10,"minecraft:shield":68,"minecraft:stone":1,"minecraft:iron_sword":728,"minecraft:rotten_flesh":19,"minecraft:iron_chestplate":1,"minecraft:mutton":2,"minecraft:carrot":7,"gamma_beasts:prehnite_pickaxe":1,"minecraft:snowball":63,"minecraft:stripped_spruce_log":4,"minecraft:spruce_boat":17,"minecraft:lantern":1,"minecraft:stone_bricks":63,"minecraft:item_frame":1,"minecraft:rabbit_stew":3,"minecraft:bow":66,"gamma_beasts:red_maple_planks":48,"minecraft:sweet_berries":78,"minecraft:furnace":1,"minecraft:egg":1,"minecraft:potato":58,"minecraft:oak_planks":5,"minecraft:composter":1,"minecraft:blue_bed":5,"minecraft:white_wool":1,"gamma_beasts:red_maple_stairs":1,"minecraft:golden_apple":1,"minecraft:glow_berries":17,"minecraft:sand":27,"iceandfire:silver_axe":26,"waystones:waystone":1,"minecraft:bread":40,"minecraft:cyan_bed":5,"minecraft:gravel":2,"minecraft:wooden_sword":58,"minecraft:diamond_sword":19,"minecraft:bone_meal":6,"minecraft:cobweb":1,"minecraft:stone_sword":31,"minecraft:stone_shovel":221,"minecraft:spruce_planks":1480,"minecraft:cooked_salmon":3,"minecraft:stone_hoe":211,"minecraft:torch":81,"minecraft:dirt":119,"minecraft:hopper":8,"minecraft:spruce_stairs":2,"minecraft:cobblestone_wall":2,"minecraft:granite":6,"minecraft:dark_oak_planks":1,"minecraft:wooden_axe":4,"minecraft:iron_axe":359,"iceandfire:dragon_ice":4,"minecraft:beef":3,"minecraft:cooked_beef":2,"minecraft:wheat_seeds":1,"minecraft:water_bucket":117,"minecraft:warped_stem":1,"minecraft:bundle":2,"minecraft:baked_potato":92,"minecraft:cauldron":1,"minecraft:cracked_stone_bricks":2,"minecraft:salmon":4,"minecraft:crafting_table":12,"minecraft:red_bed":2,"minecraft:white_bed":9,"minecraft:spruce_log":21,"minecraft:oak_log":4,"minecraft:wooden_hoe":2,"minecraft:iron_pickaxe":215,"iceandfire:graveyard_soil":2,"minecraft:spruce_trapdoor":73,"minecraft:spruce_sapling":7,"minecraft:stone_axe":854,"minecraft:chiseled_stone_bricks":2,"minecraft:cobblestone":50,"minecraft:potion":4,"minecraft:porkchop":15,"minecraft:cooked_porkchop":5,"minecraft:bucket":117,"minecraft:stripped_oak_log":18},"minecraft:custom":{"minecraft:interact_with_crafting_table":73,"minecraft:open_barrel":64,"minecraft:bell_ring":53,"minecraft:eat_cake_slice":3,"minecraft:leave_game":12,"minecraft:time_since_death":26784,"minecraft:damage_resisted":131,"minecraft:sprint_one_cm":1945315,"minecraft:damage_blocked_by_shield":3037,"minecraft:drop":644,"minecraft:talked_to_villager":3,"minecraft:play_time":872877,"minecraft:deaths":74,"minecraft:jump":13602,"minecraft:interact_with_brewingstand":1,"minecraft:walk_on_water_one_cm":205435,"minecraft:enchant_item":1,"minecraft:interact_with_furnace":56,"minecraft:sleep_in_bed":31,"minecraft:waystone_activated":3,"minecraft:open_enderchest":2,"minecraft:damage_dealt":41527,"minecraft:player_kills":2,"minecraft:crouch_one_cm":200028,"minecraft:interact_with_smoker":20,"minecraft:interact_with_smithing_table":2,"minecraft:interact_with_anvil":3,"minecraft:mob_kills":150,"minecraft:inspect_hopper":21,"minecraft:climb_one_cm":15241,"minecraft:walk_one_cm":2798132,"minecraft:damage_dealt_absorbed":85,"minecraft:sneak_time":75216,"minecraft:walk_under_water_one_cm":146748,"minecraft:boat_one_cm":145248,"minecraft:interact_with_blast_furnace":12,"minecraft:total_world_time":872877,"minecraft:time_since_rest":26812,"minecraft:damage_absorbed":40,"minecraft:damage_taken":30861,"minecraft:trigger_trapped_chest":2,"minecraft:swim_one_cm":163228,"minecraft:fly_one_cm":2021368,"minecraft:open_chest":263,"minecraft:fall_one_cm":308971}},"DataVersion":3465}