{"stats":{"minecraft:dropped":{"gamma_beasts:meat":2,"irons_spellbooks:affinity_ring":1,"minecraft:gunpowder":1,"minecraft:torch":11,"weaponmaster:tutorialbook":2,"gravestone:obituary":4,"minecraft:spider_eye":1,"minecraft:gold_nugget":2,"minecraft:white_bed":1,"minecraft:paper":1,"gamma_beasts:fur":2,"minecraft:emerald":48},"minecraft:killed":{"gamma_beasts:sppinto_a":1},"minecraft:used":{"minecraft:dark_oak_planks":1,"minecraft:bundle":1,"minecraft:bread":8,"iceandfire:graveyard_soil":2,"minecraft:spruce_planks":4,"minecraft:blue_bed":2,"minecraft:wooden_sword":34,"minecraft:white_bed":1},"minecraft:custom":{"minecraft:time_since_rest":466,"minecraft:sprint_one_cm":127605,"minecraft:damage_taken":1295,"minecraft:walk_one_cm":152015,"minecraft:trigger_trapped_chest":2,"minecraft:mob_kills":1,"minecraft:drop":29,"minecraft:damage_dealt":1311,"minecraft:swim_one_cm":4847,"minecraft:fly_one_cm":165500,"minecraft:open_barrel":11,"minecraft:open_chest":7,"minecraft:crouch_one_cm":1589,"minecraft:play_time":44853,"minecraft:deaths":3,"minecraft:sneak_time":876,"minecraft:walk_under_water_one_cm":6805,"minecraft:jump":916,"minecraft:leave_game":2,"minecraft:walk_on_water_one_cm":8594,"minecraft:time_since_death":435,"minecraft:sleep_in_bed":5,"minecraft:total_world_time":44853,"minecraft:fall_one_cm":17483},"minecraft:mined":{"minecraft:spruce_planks":2,"minecraft:white_bed":1,"minecraft:spruce_log":6,"gravestone:gravestone":2,"minecraft:grass":2,"iceandfire:frost_lily":1,"minecraft:spruce_leaves":3,"gamma_beasts:red_maple_log":12,"minecraft:blue_bed":3},"minecraft:picked_up":{"minecraft:book":6,"gamma_beasts:fur":2,"irons_spellbooks:affinity_ring":1,"minecraft:torch":11,"gravestone:obituary":2,"minecraft:white_bed":2,"minecraft:golden_boots":1,"minecraft:spruce_log":6,"minecraft:gunpowder":1,"minecraft:dark_oak_planks":1,"minecraft:spider_eye":1,"minecraft:blue_bed":3,"minecraft:paper":1,"minecraft:arrow":2,"minecraft:bone":2,"gamma_beasts:meat":2,"minecraft:gold_nugget":2,"minecraft:spruce_planks":2,"iceandfire:frost_lily":1,"gamma_beasts:red_maple_log":12,"weaponmaster:tutorialbook":2,"minecraft:emerald":49},"minecraft:crafted":{"gamma_beasts:red_maple_planks":48,"minecraft:spruce_planks":24}},"DataVersion":3465}