{"stats":{"minecraft:dropped":{"minecraft:wheat_seeds":3,"weaponmaster:tutorialbook":2,"minecraft:cobblestone":2,"minecraft:rotten_flesh":19,"minecraft:leather":3,"minecraft:light_gray_carpet":1,"iceandfire:dragon_skull_ice":2,"minecraft:white_bed":1,"minecraft:salmon":3,"minecraft:emerald":48,"minecraft:filled_map":2,"minecraft:cobweb":1,"irons_spellbooks:scroll":4,"gamma_beasts:meat":2,"minecraft:gunpowder":1,"irons_spellbooks:affinity_ring":1,"minecraft:torch":11,"gamma_beasts:spruce_leaf":1,"iceandfire:frost_lily":2,"gravestone:obituary":9,"minecraft:gold_nugget":2,"minecraft:spider_eye":1,"minecraft:powered_rail":3,"minecraft:wooden_pickaxe":1,"minecraft:paper":1,"minecraft:gold_ingot":1,"minecraft:redstone":4,"gamma_beasts:fur":2},"minecraft:broken":{"minecraft:wooden_sword":1},"minecraft:killed":{"minecraft:pig":6,"minecraft:salmon":5,"minecraft:sheep":1,"gamma_beasts:sppinto_a":1,"minecraft:cow":3},"minecraft:custom":{"minecraft:interact_with_furnace":5,"minecraft:mob_kills":16,"minecraft:interact_with_crafting_table":2,"minecraft:open_barrel":11,"minecraft:leave_game":2,"minecraft:time_since_death":28846,"minecraft:sleep_in_bed":11,"minecraft:time_since_rest":25285,"minecraft:sprint_one_cm":311553,"minecraft:damage_taken":2792,"minecraft:walk_one_cm":348214,"minecraft:trigger_trapped_chest":2,"minecraft:drop":83,"minecraft:damage_dealt":2681,"minecraft:swim_one_cm":45853,"minecraft:fly_one_cm":593496,"minecraft:open_chest":17,"minecraft:crouch_one_cm":4844,"minecraft:play_time":116853,"minecraft:deaths":7,"minecraft:sneak_time":1964,"minecraft:walk_under_water_one_cm":20721,"minecraft:jump":2901,"minecraft:walk_on_water_one_cm":55685,"minecraft:total_world_time":116853,"minecraft:fall_one_cm":51566},"minecraft:used":{"minecraft:wheat_seeds":1,"minecraft:bundle":2,"minecraft:spruce_planks":32,"minecraft:blue_bed":5,"minecraft:rotten_flesh":2,"minecraft:salmon":2,"minecraft:dirt":17,"minecraft:mutton":2,"minecraft:carrot":3,"minecraft:white_bed":1,"minecraft:dark_oak_planks":1,"minecraft:bread":8,"iceandfire:graveyard_soil":2,"iceandfire:dragon_ice":4,"minecraft:wooden_sword":58,"minecraft:beef":2,"minecraft:sweet_berries":6,"gamma_beasts:red_maple_planks":48,"minecraft:porkchop":12,"minecraft:bucket":1,"minecraft:egg":1,"minecraft:cooked_beef":1,"minecraft:potato":18,"minecraft:cobweb":1},"minecraft:mined":{"minecraft:light_gray_carpet":1,"minecraft:spruce_planks":4,"minecraft:white_bed":1,"gravestone:gravestone":7,"gamma_beasts:abeto_hoja_1":1,"minecraft:grass_block":10,"minecraft:spruce_leaves":18,"minecraft:blue_bed":5,"minecraft:large_fern":6,"minecraft:wheat":4,"minecraft:sweet_berry_bush":9,"minecraft:white_carpet":3,"minecraft:spruce_log":6,"minecraft:grass":2,"minecraft:potatoes":11,"minecraft:dirt_path":1,"minecraft:dirt":5,"minecraft:packed_ice":9,"iceandfire:frost_lily":1,"gamma_beasts:red_maple_log":12,"minecraft:fern":3},"minecraft:picked_up":{"irons_spellbooks:scroll":2,"minecraft:fishing_rod":1,"minecraft:cooked_beef":2,"minecraft:leather":3,"minecraft:salmon":5,"irons_spellbooks:affinity_ring":2,"gamma_beasts:fur":2,"minecraft:wooden_pickaxe":2,"minecraft:potato":8,"minecraft:filled_map":2,"gravestone:obituary":3,"minecraft:golden_boots":1,"minecraft:gunpowder":1,"minecraft:blue_bed":5,"minecraft:dirt":17,"minecraft:paper":47,"minecraft:white_carpet":3,"minecraft:bone":3,"minecraft:wheat_seeds":5,"gamma_beasts:meat":2,"minecraft:gold_nugget":2,"minecraft:iron_ingot":1,"iceandfire:frost_lily":2,"minecraft:spruce_planks":4,"minecraft:beef":8,"minecraft:cobweb":1,"minecraft:grindstone":1,"weaponmaster:tutorialbook":2,"gamma_beasts:red_maple_log":12,"minecraft:powered_rail":4,"minecraft:egg":1,"minecraft:book":6,"minecraft:stick":2,"iceandfire:dragonbone":17,"minecraft:sweet_berries":25,"minecraft:torch":11,"minecraft:porkchop":12,"minecraft:white_bed":2,"minecraft:spruce_log":7,"minecraft:carrot":2,"minecraft:redstone":4,"minecraft:spider_eye":1,"gamma_beasts:spruce_leaf":1,"minecraft:dark_oak_planks":1,"iceandfire:dragon_skull_ice":2,"minecraft:arrow":4,"minecraft:rotten_flesh":21,"iceandfire:dragon_ice":4,"minecraft:gold_ingot":1,"minecraft:emerald":49,"minecraft:light_gray_carpet":1,"minecraft:mutton":2,"iceandfire:silver_nugget":16,"minecraft:coal":1,"minecraft:white_wool":1,"minecraft:cobblestone":2},"minecraft:crafted":{"minecraft:cooked_beef":3,"gamma_beasts:red_maple_planks":48,"minecraft:spruce_planks":28,"minecraft:air":0}},"DataVersion":3465}