{"stats":{"minecraft:custom":{"minecraft:time_since_rest":2112,"minecraft:sprint_one_cm":60215,"minecraft:damage_taken":1033,"minecraft:walk_one_cm":70038,"minecraft:mob_kills":2,"minecraft:drop":7,"minecraft:damage_dealt":99,"minecraft:talked_to_villager":4,"minecraft:interact_with_crafting_table":6,"minecraft:fly_one_cm":96987,"minecraft:open_chest":1,"minecraft:crouch_one_cm":2951,"minecraft:play_time":29354,"minecraft:deaths":3,"minecraft:sneak_time":1315,"minecraft:walk_under_water_one_cm":506,"minecraft:jump":532,"minecraft:walk_on_water_one_cm":428,"minecraft:time_since_death":22251,"minecraft:sleep_in_bed":2,"minecraft:total_world_time":29354,"minecraft:fall_one_cm":19647},"minecraft:mined":{"minecraft:white_bed":1,"minecraft:spruce_log":7,"minecraft:crafting_table":2,"gravestone:gravestone":1,"minecraft:potatoes":3,"minecraft:grass_block":1,"minecraft:dirt_path":2,"minecraft:dirt":3,"iceandfire:lectern":1,"minecraft:cobblestone":1,"minecraft:spruce_leaves":1,"minecraft:stone":20,"minecraft:blue_bed":3},"minecraft:picked_up":{"minecraft:crafting_table":2,"minecraft:potato":3,"minecraft:white_bed":1,"minecraft:carrot":1,"minecraft:gunpowder":1,"minecraft:spruce_log":7,"minecraft:dirt":6,"minecraft:blue_bed":3,"iceandfire:bestiary":1,"iceandfire:lectern":1,"minecraft:glow_berries":1,"minecraft:cobblestone":21},"minecraft:crafted":{"minecraft:crafting_table":1,"minecraft:spruce_planks":28,"minecraft:stick":8,"minecraft:wooden_pickaxe":1,"minecraft:stone_pickaxe":1,"minecraft:stone_sword":1,"minecraft:stone_axe":1},"minecraft:dropped":{"minecraft:gunpowder":1,"iceandfire:bestiary":1,"gravestone:obituary":3,"minecraft:wooden_pickaxe":1,"iceandfire:manuscript":1},"minecraft:used":{"minecraft:stone_sword":1,"minecraft:wooden_pickaxe":25,"minecraft:blue_bed":2,"minecraft:stone_axe":4,"minecraft:glow_berries":1,"minecraft:dirt":6,"minecraft:cobblestone":3,"minecraft:crafting_table":2,"minecraft:carrot":1,"minecraft:potato":4}},"DataVersion":3465}