{"stats":{"minecraft:dropped":{"minecraft:iron_sword":3,"minecraft:lapis_lazuli":8,"minecraft:oak_log":6,"iceandfire:silver_axe":1,"minecraft:glass_bottle":5,"minecraft:ender_pearl":2,"minecraft:crossbow":2,"minecraft:lantern":1,"minecraft:honeycomb":1,"iceandfire:ectoplasm":5,"paraglider:spirit_orb":2,"minecraft:item_frame":1,"minecraft:flint":1,"minecraft:dirt":1,"irons_spellbooks:silver_ring":1,"gravestone:obituary":145,"minecraft:gold_nugget":2,"minecraft:iron_pickaxe":1,"minecraft:white_wool":2,"minecraft:blue_bed":2,"minecraft:gold_ingot":4,"minecraft:gravel":3,"minecraft:stone_axe":5,"minecraft:sugar_cane":1,"minecraft:spyglass":2,"minecraft:iron_nugget":54,"minecraft:polished_andesite_slab":2,"minecraft:cobbled_deepslate":56,"minecraft:wheat":11,"minecraft:pointed_dripstone":5,"minecraft:rotten_flesh":2,"minecraft:grindstone":2,"minecraft:white_bed":1,"iceandfire:sapphire_gem":1,"minecraft:rabbit_hide":1,"minecraft:gunpowder":3,"irons_spellbooks:cooldown_ring":1,"iceandfire:bestiary":2,"minecraft:arrow":11,"gamma_beasts:fur":5,"iceandfire:manuscript":1,"iceandfire:silver_pickaxe":1,"minecraft:enchanted_book":2,"minecraft:bread":14,"irons_spellbooks:divine_pearl":2,"minecraft:wheat_seeds":1,"irons_spellbooks:legendary_ink":1,"gamma_beasts:coal_nugget":1,"weaponmaster:tutorialbook":1,"minecraft:feather":1,"minecraft:cobblestone":99,"minecraft:knowledge_book":2,"minecraft:book":83,"minecraft:spectral_arrow":11,"iceandfire:dragon_stick":1,"minecraft:granite":15,"gamma_beasts:prehnite_pickaxe":1,"minecraft:yellow_carpet":1,"minecraft:golden_apple":2,"minecraft:stick":17,"irons_spellbooks:scroll":2,"gamma_beasts:red_maple_planks":57,"gamma_beasts:spruce_leaf":10,"minecraft:melon_slice":1,"minecraft:potion":1,"irons_spellbooks:blood_vial":8,"minecraft:golden_hoe":2,"irons_spellbooks:common_ink":2,"minecraft:flowering_azalea":3,"minecraft:paper":4,"minecraft:string":5,"irons_spellbooks:frozen_bone":6,"minecraft:bowl":3,"minecraft:tuff":4,"minecraft:white_carpet":3,"iceandfire:dragon_skull_ice":1,"gamma_beasts:blackberry":1,"minecraft:filled_map":2,"minecraft:stone":4,"minecraft:shield":2,"iceandfire:copper_sword":2,"minecraft:spruce_planks":28,"minecraft:oak_sapling":2,"iceandfire:lectern":2,"minecraft:spider_eye":1,"minecraft:stone_bricks":7,"minecraft:bow":1,"minecraft:wooden_pickaxe":1,"waystones:waystone":1},"minecraft:killed_by":{"minecraft:vex":1,"minecraft:husk":1,"minecraft:player":1},"minecraft:broken":{"minecraft:stone_sword":1,"minecraft:shield":1,"gamma_beasts:prehnite_armor_helmet":1},"minecraft:killed":{"minecraft:witch":2,"irons_spellbooks:pyromancer":1,"minecraft:spider":3,"minecraft:skeleton":1,"minecraft:silverfish":1,"minecraft:illusioner":3,"minecraft:pig":4,"minecraft:salmon":13,"minecraft:creeper":1,"minecraft:pillager":2,"minecraft:zombie":3,"gamma_beasts:sppinto_c":3,"minecraft:evoker":3,"minecraft:vex":5,"minecraft:vindicator":2,"enemyexpansion:direwolf":3,"mythicmounts:firebird":1,"minecraft:rabbit":2,"iceandfire:ghost":2,"enemyexpansion:slugger":3},"minecraft:custom":{"minecraft:interact_with_crafting_table":24,"minecraft:open_barrel":13,"minecraft:eat_cake_slice":3,"minecraft:leave_game":2,"minecraft:time_since_death":0,"minecraft:damage_resisted":113,"minecraft:sprint_one_cm":864252,"minecraft:damage_blocked_by_shield":2792,"minecraft:drop":403,"minecraft:talked_to_villager":4,"minecraft:play_time":281779,"minecraft:deaths":73,"minecraft:jump":5404,"minecraft:interact_with_brewingstand":1,"minecraft:walk_on_water_one_cm":48896,"minecraft:interact_with_furnace":11,"minecraft:sleep_in_bed":19,"minecraft:waystone_activated":1,"minecraft:damage_dealt":15791,"minecraft:crouch_one_cm":37397,"minecraft:inspect_dispenser":2,"minecraft:mob_kills":68,"minecraft:interact_with_anvil":2,"minecraft:climb_one_cm":1047,"minecraft:walk_one_cm":1037223,"minecraft:damage_dealt_absorbed":81,"minecraft:sneak_time":13637,"minecraft:walk_under_water_one_cm":50207,"minecraft:total_world_time":281779,"minecraft:time_since_rest":17,"minecraft:damage_taken":23646,"minecraft:damage_absorbed":79,"minecraft:swim_one_cm":156315,"minecraft:fly_one_cm":1139541,"minecraft:open_chest":25,"minecraft:fall_one_cm":146421},"minecraft:used":{"minecraft:shield":63,"minecraft:iron_sword":4,"minecraft:carrot":1,"gamma_beasts:prehnite_pickaxe":79,"minecraft:snowball":13,"minecraft:stone_bricks":4,"gamma_beasts:red_maple_planks":14,"minecraft:egg":2,"minecraft:potato":6,"minecraft:stone_pickaxe":5,"minecraft:wooden_pickaxe":25,"minecraft:blue_bed":16,"minecraft:golden_apple":2,"minecraft:glow_berries":11,"minecraft:crossbow":2,"gamma_beasts:blackberry":45,"iceandfire:silver_axe":68,"iceandfire:silver_pickaxe":82,"minecraft:bread":4,"minecraft:melon_slice":11,"minecraft:cyan_bed":1,"minecraft:iron_door":1,"minecraft:diamond_sword":116,"minecraft:stone_sword":122,"minecraft:spruce_planks":18,"minecraft:torch":2,"minecraft:dirt":15,"minecraft:spruce_stairs":1,"gamma_beasts:red_maple_log":1,"minecraft:totem_of_undying":1,"minecraft:beef":1,"minecraft:cooked_beef":1,"minecraft:cobbled_deepslate":49,"minecraft:beetroot_soup":1,"minecraft:knowledge_book":1,"minecraft:water_bucket":4,"minecraft:rabbit":2,"minecraft:salmon":12,"minecraft:crafting_table":8,"minecraft:white_bed":6,"minecraft:cod":2,"minecraft:spruce_log":1,"minecraft:iron_pickaxe":124,"minecraft:suspicious_stew":2,"minecraft:stone_axe":118,"minecraft:cobblestone":17,"minecraft:potion":3,"minecraft:porkchop":7,"minecraft:bucket":5,"gamma_beasts:meat":7},"minecraft:mined":{"minecraft:spruce_planks":3,"minecraft:white_bed":6,"minecraft:cave_vines_plant":1,"minecraft:granite":6,"minecraft:grass_block":11,"minecraft:stone_brick_wall":2,"minecraft:yellow_carpet":1,"iceandfire:lectern":2,"minecraft:spawner":1,"minecraft:iron_ore":5,"minecraft:cobbled_deepslate":2,"minecraft:deepslate_lapis_ore":2,"minecraft:dirt_path":4,"minecraft:cave_vines":1,"minecraft:flowering_azalea_leaves":3,"minecraft:azalea_leaves":1,"gamma_beasts:red_maple_planks":2,"minecraft:melon":6,"minecraft:cobblestone":7,"minecraft:cyan_bed":1,"minecraft:grindstone":1,"minecraft:iron_door":1,"minecraft:skeleton_skull":1,"minecraft:grass":1,"minecraft:dirt":13,"minecraft:wither_skeleton_skull":1,"gamma_beasts:red_maple_log":32,"minecraft:oak_leaves":4,"minecraft:deepslate":110,"minecraft:tuff":5,"iceandfire:silver_ore":7,"minecraft:mossy_cobblestone":1,"minecraft:deepslate_diamond_ore":5,"tetra:block_geode":1,"gravestone:gravestone":68,"minecraft:decorated_pot":1,"minecraft:polished_andesite_slab":1,"minecraft:spruce_leaves":11,"minecraft:furnace":1,"gamma_beasts:prehnite_ore":7,"minecraft:andesite":10,"minecraft:bookshelf":10,"minecraft:potatoes":3,"minecraft:deepslate_iron_ore":1,"minecraft:packed_ice":13,"minecraft:stone":85,"gamma_beasts:abeto_hoja":15,"minecraft:flowering_azalea":1,"minecraft:infested_stone_bricks":1,"minecraft:crafting_table":7,"gamma_beasts:abeto_hoja_1":10,"minecraft:copper_ore":3,"minecraft:deepslate_gold_ore":1,"minecraft:diorite":4,"minecraft:blue_bed":15,"minecraft:spruce_stairs":1,"minecraft:spruce_log":8,"minecraft:coal_ore":1,"minecraft:end_rod":2,"minecraft:gravel":3,"minecraft:dripstone_block":2,"minecraft:cracked_stone_bricks":2,"minecraft:stone_bricks":17,"minecraft:fern":1},"minecraft:picked_up":{"irons_spellbooks:scroll":3,"iceandfire:copper_sword":1,"minecraft:suspicious_stew":1,"gamma_beasts:fur":5,"minecraft:diamond_sword":1,"minecraft:potion":2,"minecraft:enchanted_book":8,"minecraft:knowledge_book":2,"minecraft:string":6,"irons_spellbooks:arcane_essence":8,"minecraft:gold_nugget":2,"minecraft:cobbled_deepslate":111,"minecraft:spruce_planks":33,"minecraft:melon_slice":12,"minecraft:furnace":1,"minecraft:stick":5,"minecraft:torch":9,"minecraft:spruce_stairs":1,"minecraft:porkchop":7,"minecraft:pointed_dripstone":5,"irons_spellbooks:fire_rune":2,"minecraft:rotten_flesh":2,"gamma_beasts:coal_nugget":1,"minecraft:end_rod":2,"minecraft:blaze_rod":22,"irons_spellbooks:cooldown_ring":3,"minecraft:snowball":12,"minecraft:cobblestone":105,"iceandfire:sapphire_gem":2,"minecraft:feather":1,"minecraft:cooked_beef":1,"minecraft:iron_door":1,"minecraft:water_bucket":1,"gamma_beasts:prehnite":8,"minecraft:potato":5,"paraglider:spirit_orb":10,"minecraft:tuff":2,"minecraft:wither_skeleton_skull":1,"minecraft:lapis_lazuli":8,"minecraft:dirt":27,"minecraft:lantern":3,"minecraft:bone":4,"minecraft:bow":1,"minecraft:wheat_seeds":2,"minecraft:raw_gold":1,"minecraft:grindstone":2,"minecraft:rabbit":2,"irons_spellbooks:frozen_bone":3,"irons_spellbooks:legendary_ink":3,"minecraft:cyan_bed":1,"minecraft:spectral_arrow":11,"minecraft:yellow_carpet":6,"minecraft:diamond":5,"irons_spellbooks:divine_pearl":4,"iceandfire:lectern":2,"waystones:waystone":4,"minecraft:crossbow":3,"minecraft:granite":23,"minecraft:golden_apple":1,"minecraft:bread":14,"minecraft:emerald":5,"minecraft:oak_sapling":2,"iceandfire:raw_silver":7,"minecraft:crafting_table":7,"minecraft:stone_brick_wall":3,"gravestone:obituary":171,"minecraft:shield":1,"minecraft:white_carpet":3,"minecraft:item_frame":1,"iceandfire:bestiary":1,"minecraft:cracked_stone_bricks":3,"minecraft:beef":1,"gamma_beasts:red_maple_log":47,"minecraft:iron_nugget":27,"minecraft:sugar_cane":1,"minecraft:egg":2,"minecraft:raw_iron":8,"iceandfire:dragonbone":16,"minecraft:stone":5,"minecraft:carrot":1,"iceandfire:dragon_skull_ice":5,"iceandfire:silver_ingot":2,"minecraft:arrow":16,"minecraft:golden_hoe":1,"minecraft:gold_ingot":4,"minecraft:glow_berries":2,"minecraft:skeleton_skull":1,"minecraft:white_wool":4,"iceandfire:silver_axe":4,"minecraft:salmon":12,"minecraft:filled_map":2,"gamma_beasts:red_maple_planks":62,"minecraft:oak_log":6,"iceandfire:ectoplasm":5,"minecraft:gunpowder":3,"minecraft:blue_bed":19,"minecraft:paper":4,"irons_spellbooks:common_ink":1,"gamma_beasts:prehnite_armor_helmet":1,"minecraft:red_carpet":2,"minecraft:stone_bricks":96,"gamma_beasts:meat":7,"iceandfire:dragon_stick":1,"minecraft:rabbit_hide":1,"irons_spellbooks:blood_vial":4,"minecraft:iron_ingot":1,"weaponmaster:tutorialbook":1,"minecraft:glass_bottle":5,"minecraft:polished_andesite_slab":2,"minecraft:iron_sword":2,"minecraft:flowering_azalea":3,"minecraft:book":179,"minecraft:pumpkin":1,"minecraft:spyglass":1,"minecraft:gravel":2,"minecraft:white_bed":6,"minecraft:spruce_log":8,"gamma_beasts:blackberry":58,"minecraft:spider_eye":1,"gamma_beasts:spruce_leaf":10,"gamma_beasts:prehnite_pickaxe":3,"iceandfire:dragon_flute":2,"tetra:geode":1,"minecraft:stone_axe":5,"minecraft:ender_pearl":1},"minecraft:crafted":{"gamma_beasts:red_maple_planks":124,"gamma_beasts:prehnite_armor_helmet":1,"iceandfire:silver_axe":1,"minecraft:crafting_table":1,"minecraft:spruce_planks":28,"minecraft:wooden_pickaxe":1,"minecraft:shield":2,"minecraft:stick":24,"minecraft:stone_sword":1,"iceandfire:dragon_horn":1,"gamma_beasts:prehnite_pickaxe":1,"iceandfire:dragon_stick":1,"iceandfire:dragon_flute":1,"minecraft:stone_pickaxe":1,"minecraft:diamond_sword":1,"iceandfire:silver_ingot":7,"minecraft:stone_axe":1,"minecraft:air":0,"minecraft:white_wool":1,"minecraft:white_bed":1,"iceandfire:silver_pickaxe":1}},"DataVersion":3465}