{"stats":{"minecraft:custom":{"minecraft:jump":102,"minecraft:time_since_rest":2650,"minecraft:damage_dealt":89,"minecraft:deaths":1,"minecraft:crouch_one_cm":1305,"minecraft:sprint_one_cm":9520,"minecraft:play_time":5354,"minecraft:damage_taken":657,"minecraft:time_since_death":2620,"minecraft:walk_one_cm":16202,"minecraft:sneak_time":439,"minecraft:total_world_time":5354,"minecraft:mob_kills":1,"minecraft:drop":1,"minecraft:fall_one_cm":9806,"minecraft:fly_one_cm":14244},"minecraft:picked_up":{"minecraft:dirt":2},"minecraft:mined":{"minecraft:grass_block":1,"minecraft:spruce_leaves":1,"minecraft:dirt":1,"gravestone:gravestone":1},"minecraft:dropped":{"gravestone:obituary":1},"minecraft:used":{"minecraft:dirt":2}},"DataVersion":3465}