{"stats":{"minecraft:dropped":{"minecraft:stone_axe":1,"minecraft:sugar_cane":1,"irons_spellbooks:legendary_ink":1,"minecraft:bowl":3,"weaponmaster:tutorialbook":1,"minecraft:wheat":11,"minecraft:feather":1,"iceandfire:dragon_stick":1,"minecraft:white_bed":1,"minecraft:stick":2,"minecraft:flint":1,"minecraft:filled_map":1,"irons_spellbooks:scroll":1,"minecraft:rabbit_hide":1,"minecraft:dirt":1,"minecraft:gunpowder":1,"irons_spellbooks:silver_ring":1,"iceandfire:bestiary":2,"gravestone:obituary":9,"minecraft:gold_nugget":2,"irons_spellbooks:common_ink":2,"minecraft:arrow":1,"minecraft:wooden_pickaxe":1,"minecraft:blue_bed":1,"gamma_beasts:fur":2,"iceandfire:manuscript":1},"minecraft:killed":{"minecraft:pig":4,"mythicmounts:firebird":1,"irons_spellbooks:pyromancer":1,"minecraft:salmon":13,"minecraft:rabbit":2,"enemyexpansion:direwolf":2,"minecraft:creeper":1,"minecraft:skeleton":1,"iceandfire:ghost":2,"gamma_beasts:sppinto_c":3},"minecraft:custom":{"minecraft:mob_kills":32,"minecraft:interact_with_crafting_table":9,"minecraft:open_barrel":4,"minecraft:leave_game":2,"minecraft:time_since_death":13547,"minecraft:sleep_in_bed":14,"minecraft:time_since_rest":1285,"minecraft:sprint_one_cm":352646,"minecraft:damage_taken":3538,"minecraft:walk_one_cm":396191,"minecraft:drop":39,"minecraft:damage_dealt":5935,"minecraft:swim_one_cm":102505,"minecraft:talked_to_villager":4,"minecraft:fly_one_cm":631570,"minecraft:open_chest":15,"minecraft:play_time":119779,"minecraft:crouch_one_cm":7189,"minecraft:sneak_time":3112,"minecraft:deaths":9,"minecraft:walk_under_water_one_cm":34066,"minecraft:jump":3003,"minecraft:walk_on_water_one_cm":28656,"minecraft:total_world_time":119779,"minecraft:fall_one_cm":74932},"minecraft:used":{"minecraft:stone_sword":105,"minecraft:rabbit":2,"minecraft:stone_pickaxe":3,"minecraft:spruce_planks":18,"minecraft:wooden_pickaxe":25,"minecraft:blue_bed":10,"minecraft:salmon":12,"minecraft:glow_berries":1,"minecraft:dirt":12,"minecraft:crafting_table":4,"minecraft:white_bed":5,"minecraft:spruce_stairs":1,"minecraft:carrot":1,"minecraft:cod":2,"minecraft:snowball":1,"minecraft:bread":4,"minecraft:iron_pickaxe":2,"minecraft:suspicious_stew":2,"minecraft:stone_axe":84,"minecraft:cobblestone":3,"minecraft:porkchop":7,"gamma_beasts:meat":7,"minecraft:potato":6,"minecraft:beetroot_soup":1},"minecraft:mined":{"minecraft:spruce_planks":3,"minecraft:white_bed":6,"minecraft:crafting_table":4,"gravestone:gravestone":7,"minecraft:grass_block":6,"iceandfire:lectern":2,"minecraft:cobblestone":4,"minecraft:spruce_leaves":6,"minecraft:grindstone":1,"minecraft:blue_bed":10,"minecraft:spruce_stairs":1,"minecraft:spruce_log":7,"minecraft:grass":1,"minecraft:bookshelf":9,"minecraft:potatoes":3,"minecraft:coal_ore":1,"minecraft:dirt_path":2,"minecraft:dirt":4,"minecraft:packed_ice":13,"minecraft:stone":20,"gamma_beasts:red_maple_log":32},"minecraft:picked_up":{"irons_spellbooks:scroll":2,"minecraft:crafting_table":4,"minecraft:feather":1,"minecraft:suspicious_stew":1,"minecraft:salmon":12,"gamma_beasts:fur":5,"minecraft:potato":5,"minecraft:filled_map":2,"minecraft:gunpowder":2,"minecraft:blue_bed":11,"minecraft:dirt":13,"irons_spellbooks:common_ink":1,"minecraft:bone":1,"minecraft:wheat_seeds":1,"iceandfire:bestiary":1,"irons_spellbooks:arcane_essence":8,"gamma_beasts:meat":7,"minecraft:gold_nugget":2,"iceandfire:dragon_stick":1,"minecraft:rabbit_hide":1,"minecraft:spruce_planks":3,"weaponmaster:tutorialbook":1,"gamma_beasts:red_maple_log":32,"minecraft:rabbit":2,"minecraft:sugar_cane":1,"minecraft:book":45,"iceandfire:dragonbone":16,"minecraft:pumpkin":1,"irons_spellbooks:legendary_ink":2,"minecraft:spruce_stairs":1,"minecraft:porkchop":7,"minecraft:carrot":1,"minecraft:white_bed":6,"minecraft:spruce_log":7,"irons_spellbooks:fire_rune":1,"iceandfire:dragon_skull_ice":2,"minecraft:arrow":3,"minecraft:stone_axe":1,"iceandfire:lectern":2,"gamma_beasts:coal_nugget":1,"minecraft:glow_berries":1,"minecraft:cobblestone":24},"minecraft:crafted":{"minecraft:crafting_table":1,"minecraft:spruce_planks":28,"minecraft:wooden_pickaxe":1,"iceandfire:dragon_stick":1,"minecraft:stone_axe":1,"minecraft:stick":12,"minecraft:stone_pickaxe":1,"minecraft:stone_sword":1,"iceandfire:dragon_horn":1}},"DataVersion":3465}