{"stats":{"minecraft:dropped":{"minecraft:sugar_cane":1,"irons_spellbooks:legendary_ink":1,"minecraft:bowl":2,"weaponmaster:tutorialbook":1,"iceandfire:dragon_stick":1,"minecraft:white_bed":1,"minecraft:stick":2,"minecraft:flint":1,"irons_spellbooks:scroll":1,"minecraft:rabbit_hide":1,"minecraft:gunpowder":1,"iceandfire:bestiary":2,"gravestone:obituary":7,"minecraft:gold_nugget":2,"irons_spellbooks:common_ink":2,"minecraft:arrow":1,"minecraft:wooden_pickaxe":1,"gamma_beasts:fur":2,"iceandfire:manuscript":1},"minecraft:killed":{"minecraft:pig":3,"mythicmounts:firebird":1,"irons_spellbooks:pyromancer":1,"minecraft:salmon":13,"minecraft:rabbit":2,"enemyexpansion:direwolf":1,"iceandfire:ghost":2,"gamma_beasts:sppinto_c":3},"minecraft:custom":{"minecraft:mob_kills":28,"minecraft:interact_with_crafting_table":9,"minecraft:open_barrel":4,"minecraft:leave_game":2,"minecraft:time_since_death":1244,"minecraft:sleep_in_bed":7,"minecraft:time_since_rest":1267,"minecraft:sprint_one_cm":205857,"minecraft:damage_taken":2471,"minecraft:walk_one_cm":291126,"minecraft:drop":29,"minecraft:damage_dealt":4736,"minecraft:swim_one_cm":31080,"minecraft:talked_to_villager":4,"minecraft:fly_one_cm":349269,"minecraft:open_chest":7,"minecraft:play_time":83779,"minecraft:crouch_one_cm":4886,"minecraft:sneak_time":2154,"minecraft:deaths":7,"minecraft:walk_under_water_one_cm":18157,"minecraft:jump":1964,"minecraft:walk_on_water_one_cm":12196,"minecraft:total_world_time":83779,"minecraft:fall_one_cm":50806},"minecraft:used":{"minecraft:stone_sword":92,"minecraft:rabbit":2,"minecraft:stone_pickaxe":3,"minecraft:spruce_planks":18,"minecraft:wooden_pickaxe":25,"minecraft:blue_bed":4,"minecraft:salmon":11,"minecraft:glow_berries":1,"minecraft:dirt":9,"minecraft:crafting_table":4,"minecraft:white_bed":4,"minecraft:spruce_stairs":1,"minecraft:carrot":1,"minecraft:cod":2,"minecraft:suspicious_stew":1,"minecraft:stone_axe":72,"minecraft:cobblestone":3,"minecraft:porkchop":5,"gamma_beasts:meat":1,"minecraft:potato":4,"minecraft:beetroot_soup":1},"minecraft:mined":{"minecraft:spruce_planks":3,"minecraft:white_bed":5,"minecraft:crafting_table":4,"gravestone:gravestone":4,"minecraft:grass_block":4,"iceandfire:lectern":1,"minecraft:cobblestone":4,"minecraft:spruce_leaves":1,"minecraft:blue_bed":5,"minecraft:spruce_stairs":1,"minecraft:spruce_log":7,"minecraft:grass":1,"minecraft:bookshelf":9,"minecraft:potatoes":3,"minecraft:dirt_path":2,"minecraft:dirt":3,"minecraft:packed_ice":11,"minecraft:stone":20,"gamma_beasts:red_maple_log":32},"minecraft:picked_up":{"irons_spellbooks:scroll":2,"minecraft:crafting_table":4,"minecraft:salmon":12,"gamma_beasts:fur":5,"minecraft:potato":3,"minecraft:gunpowder":1,"minecraft:blue_bed":4,"minecraft:dirt":9,"irons_spellbooks:common_ink":1,"minecraft:wheat_seeds":1,"iceandfire:bestiary":1,"irons_spellbooks:arcane_essence":8,"gamma_beasts:meat":7,"minecraft:gold_nugget":2,"iceandfire:dragon_stick":1,"minecraft:rabbit_hide":1,"minecraft:spruce_planks":3,"weaponmaster:tutorialbook":1,"gamma_beasts:red_maple_log":32,"minecraft:rabbit":2,"minecraft:sugar_cane":1,"minecraft:book":45,"iceandfire:dragonbone":15,"irons_spellbooks:legendary_ink":2,"minecraft:spruce_stairs":1,"minecraft:porkchop":5,"minecraft:carrot":1,"minecraft:white_bed":6,"minecraft:spruce_log":7,"irons_spellbooks:fire_rune":1,"iceandfire:dragon_skull_ice":1,"minecraft:arrow":1,"iceandfire:lectern":1,"minecraft:glow_berries":1,"minecraft:cobblestone":24},"minecraft:crafted":{"minecraft:crafting_table":1,"minecraft:spruce_planks":28,"minecraft:wooden_pickaxe":1,"iceandfire:dragon_stick":1,"minecraft:stone_axe":1,"minecraft:stick":12,"minecraft:stone_pickaxe":1,"minecraft:stone_sword":1,"iceandfire:dragon_horn":1}},"DataVersion":3465}