{"stats":{"minecraft:custom":{"minecraft:time_since_rest":4473,"minecraft:sprint_one_cm":44936,"minecraft:damage_taken":1013,"minecraft:walk_one_cm":46493,"minecraft:mob_kills":2,"minecraft:drop":7,"minecraft:damage_dealt":99,"minecraft:talked_to_villager":4,"minecraft:interact_with_crafting_table":3,"minecraft:fly_one_cm":71046,"minecraft:open_chest":1,"minecraft:crouch_one_cm":2951,"minecraft:play_time":17354,"minecraft:deaths":3,"minecraft:sneak_time":1310,"minecraft:jump":331,"minecraft:time_since_death":10251,"minecraft:sleep_in_bed":1,"minecraft:total_world_time":17354,"minecraft:fall_one_cm":15572},"minecraft:mined":{"minecraft:spruce_log":7,"minecraft:crafting_table":1,"gravestone:gravestone":1,"minecraft:grass_block":1,"minecraft:dirt_path":2,"minecraft:dirt":3,"iceandfire:lectern":1,"minecraft:cobblestone":1,"minecraft:spruce_leaves":1,"minecraft:stone":20,"minecraft:blue_bed":2},"minecraft:picked_up":{"minecraft:crafting_table":1,"minecraft:gunpowder":1,"minecraft:spruce_log":7,"minecraft:dirt":6,"minecraft:blue_bed":2,"iceandfire:bestiary":1,"iceandfire:lectern":1,"minecraft:glow_berries":1,"minecraft:cobblestone":21},"minecraft:crafted":{"minecraft:crafting_table":1,"minecraft:spruce_planks":28,"minecraft:stick":8,"minecraft:wooden_pickaxe":1,"minecraft:stone_pickaxe":1,"minecraft:stone_sword":1,"minecraft:stone_axe":1},"minecraft:dropped":{"minecraft:gunpowder":1,"iceandfire:bestiary":1,"gravestone:obituary":3,"minecraft:wooden_pickaxe":1,"iceandfire:manuscript":1},"minecraft:used":{"minecraft:wooden_pickaxe":25,"minecraft:blue_bed":1,"minecraft:stone_axe":1,"minecraft:glow_berries":1,"minecraft:dirt":6,"minecraft:cobblestone":3,"minecraft:crafting_table":1}},"DataVersion":3465}