{"stats":{"minecraft:picked_up":{"gamma_beasts:thin_oak_log":1,"minecraft:iron_chestplate":8,"minecraft:chainmail_boots":1,"iceandfire:copper_sword":1,"minecraft:anvil":1,"minecraft:suspicious_stew":1,"irons_spellbooks:affinity_ring":1,"minecraft:smithing_table":3,"minecraft:diamond_sword":6,"minecraft:enchanted_book":9,"minecraft:knowledge_book":2,"minecraft:amethyst_block":2,"paraglider:goddess_statue":1,"minecraft:string":123,"minecraft:cooked_salmon":4,"minecraft:gold_nugget":179,"minecraft:cobbled_deepslate":238,"bosses_of_mass_destruction:soul_star":1,"minecraft:spruce_planks":288,"minecraft:melon_slice":12,"minecraft:big_dripleaf":1,"irons_spellbooks:fire_rune":2,"minecraft:cauldron":2,"minecraft:brown_carpet":2,"minecraft:waxed_cut_copper_stairs":1,"minecraft:light_gray_bed":6,"gamma_beasts:coal_nugget":50,"minecraft:end_rod":2,"minecraft:netherite_chestplate":4,"minecraft:blaze_rod":30,"minecraft:iron_bars":4,"minecraft:snowball":119,"iceandfire:sapphire_gem":2,"minecraft:feather":1,"minecraft:cooked_beef":1,"minecraft:iron_door":1,"minecraft:water_bucket":1,"minecraft:smoker":3,"minecraft:flint":11,"minecraft:stripped_spruce_wood":8,"minecraft:lantern":7,"minecraft:purple_carpet":4,"tetra:scroll_rolled":5,"minecraft:rabbit":2,"minecraft:diamond_helmet":1,"minecraft:moss_block":14,"irons_spellbooks:legendary_ink":3,"minecraft:warped_wart_block":2,"minecraft:stripped_spruce_log":11,"minecraft:fermented_spider_eye":1,"minecraft:dark_oak_log":9,"minecraft:red_terracotta":3,"iceandfire:chared_cobblestone":18,"minecraft:iron_hoe":1,"iceandfire:lectern":2,"minecraft:granite":77,"minecraft:bread":27,"iceandfire:raw_silver":44,"minecraft:spruce_leaves":144,"minecraft:crafting_table":24,"minecraft:clay_ball":8,"minecraft:leather_leggings":2,"gravestone:obituary":215,"minecraft:white_carpet":3,"minecraft:cracked_stone_bricks":10,"iceandfire:bestiary":1,"gamma_beasts:prehnite_armor_leggings":2,"minecraft:beef":31,"gamma_beasts:red_maple_log":47,"minecraft:iron_nugget":28,"minecraft:poppy":4,"minecraft:spruce_slab":22,"minecraft:chest":7,"minecraft:egg":2,"minecraft:sandstone":1,"minecraft:stone":5,"sophisticatedbackpacks:backpack":2,"minecraft:spruce_fence":5,"minecraft:carrot":4,"minecraft:redstone":5,"minecraft:netherite_pickaxe":4,"iceandfire:dragon_skull_ice":8,"minecraft:gold_ingot":4,"minecraft:glow_berries":4,"minecraft:mutton":12,"minecraft:white_wool":13,"minecraft:bone_block":56,"minecraft:rail":5,"minecraft:stripped_oak_log":13,"minecraft:filled_map":3,"gamma_beasts:bird_thigh":3,"gamma_beasts:red_maple_planks":62,"minecraft:oak_log":29,"minecraft:blue_bed":19,"minecraft:paper":4,"minecraft:white_banner":1,"minecraft:apple":2,"minecraft:stone_bricks":136,"gamma_beasts:meat":14,"minecraft:warped_stem":15,"irons_spellbooks:blood_vial":4,"weaponmaster:tutorialbook":1,"minecraft:glass_bottle":5,"minecraft:iron_sword":3,"minecraft:flowering_azalea":3,"iceandfire:chared_stone":20,"minecraft:spyglass":1,"minecraft:gravel":23,"minecraft:spruce_sapling":15,"minecraft:spruce_log":350,"minecraft:leather_helmet":1,"gamma_beasts:prehnite_pickaxe":3,"iceandfire:dragon_flute":6,"tetra:geode":3,"minecraft:stone_axe":7,"minecraft:gray_wool":1,"iceandfire:ice_dragon_flesh":2,"minecraft:warped_roots":17,"minecraft:baked_potato":36,"minecraft:hopper":3,"minecraft:ender_pearl":8,"irons_spellbooks:scroll":3,"gamma_beasts:fur":7,"minecraft:sentry_armor_trim_smithing_template":3,"minecraft:potion":3,"minecraft:stone_brick_stairs":6,"minecraft:raw_copper":4,"minecraft:iron_leggings":7,"minecraft:armor_stand":2,"irons_spellbooks:arcane_essence":10,"minecraft:bucket":4,"minecraft:calcite":1,"minecraft:azalea":2,"minecraft:iron_pickaxe":2,"minecraft:iron_boots":7,"minecraft:furnace":5,"iceandfire:pixie_dust":1,"minecraft:tipped_arrow":5,"minecraft:stick":20,"minecraft:birch_trapdoor":1,"minecraft:torch":58,"minecraft:spruce_stairs":8,"minecraft:porkchop":13,"minecraft:pointed_dripstone":5,"minecraft:diorite":35,"minecraft:rotten_flesh":93,"minecraft:obsidian":5,"irons_spellbooks:cooldown_ring":4,"minecraft:cobblestone":705,"minecraft:enchanting_table":1,"minecraft:leather_chestplate":1,"minecraft:magma_cream":1,"minecraft:andesite":77,"minecraft:golden_leggings":9,"gamma_beasts:prehnite":111,"minecraft:potato":34,"paraglider:spirit_orb":16,"minecraft:tuff":9,"minecraft:wither_skeleton_skull":1,"minecraft:lapis_lazuli":43,"minecraft:dirt":387,"minecraft:bone":45,"minecraft:bow":1,"minecraft:wheat_seeds":13,"minecraft:raw_gold":4,"minecraft:bell":2,"minecraft:grindstone":2,"minecraft:mossy_stone_bricks":1,"minecraft:oak_planks":7,"irons_spellbooks:frozen_bone":18,"minecraft:cooked_porkchop":2,"minecraft:sand":68,"minecraft:nether_brick_stairs":3,"minecraft:cyan_bed":5,"simplyswords:iron_greathammer":5,"minecraft:spectral_arrow":11,"minecraft:yellow_carpet":7,"minecraft:diamond":8,"minecraft:spruce_boat":7,"irons_spellbooks:divine_pearl":4,"waystones:waystone":4,"minecraft:crossbow":4,"minecraft:bone_meal":3,"minecraft:golden_apple":1,"minecraft:emerald":11,"minecraft:oak_sapling":13,"minecraft:netherrack":48,"minecraft:chorus_fruit":3,"minecraft:oak_leaves":71,"gamma_beasts:prehnite_armor_chestplate":2,"minecraft:azure_bluet":1,"minecraft:brown_mushroom":1,"minecraft:wooden_pickaxe":1,"minecraft:stone_brick_wall":3,"minecraft:gold_block":1,"iceandfire:frozen_cobblestone":1,"minecraft:shield":5,"minecraft:moss_carpet":1,"minecraft:iron_axe":5,"minecraft:item_frame":3,"minecraft:cyan_carpet":24,"minecraft:blackstone":1,"minecraft:candle":3,"minecraft:player_head":4,"minecraft:sugar_cane":1,"minecraft:spruce_trapdoor":1,"iceandfire:ice_dragon_heart":1,"minecraft:raw_iron":138,"iceandfire:dragonbone":30,"minecraft:dark_oak_planks":6,"iceandfire:silver_ingot":20,"minecraft:arrow":38,"minecraft:pumpkin_pie":1,"minecraft:golden_hoe":1,"minecraft:nether_bricks":5,"minecraft:black_banner":3,"paraglider:horned_statue":2,"minecraft:skeleton_skull":1,"iceandfire:silver_axe":7,"minecraft:netherite_boots":6,"minecraft:basalt":2,"minecraft:salmon":95,"minecraft:leather":6,"gamma_beasts:green_apple":25,"minecraft:chainmail_chestplate":1,"iceandfire:ectoplasm":6,"minecraft:gunpowder":39,"minecraft:cobblestone_wall":11,"gamma_beasts:prehnite_armor_boots":2,"minecraft:wooden_hoe":1,"irons_spellbooks:common_ink":1,"gamma_beasts:prehnite_armor_helmet":2,"minecraft:red_carpet":2,"minecraft:gray_carpet":22,"minecraft:rabbit_hide":1,"iceandfire:dragon_stick":3,"minecraft:iron_ingot":98,"minecraft:polished_andesite_slab":3,"gamma_beasts:prehnite_axe":2,"minecraft:book":209,"minecraft:pumpkin":9,"minecraft:quartz":16,"minecraft:amethyst_shard":2,"minecraft:blast_furnace":1,"minecraft:white_bed":11,"gamma_beasts:blackberry":130,"minecraft:spruce_door":4,"minecraft:spider_eye":6,"gamma_beasts:spruce_leaf":18,"iceandfire:silver_pickaxe":1,"minecraft:pumpkin_seeds":16,"minecraft:iron_helmet":9,"minecraft:coal":231},"minecraft:killed_by":{"the_silence:the_silence_principal":1,"minecraft:magma_cube":1,"minecraft:vex":1,"minecraft:husk":1,"enemyexpansion:direwolf":1,"iceandfire:ice_dragon":1,"iceandfire:fire_dragon":7,"minecraft:player":6,"minecraft:phantom":1},"minecraft:killed":{"vampirism:vampire":1,"enemyexpansion:equestrian":2,"minecraft:skeleton":21,"enemyexpansion:vampflyer":2,"minecraft:magma_cube":15,"minecraft:salmon":92,"minecraft:iron_golem":1,"minecraft:pillager":6,"enemyexpansion:meature":3,"minecraft:zombie":45,"enemyexpansion:vampire":1,"gamma_beasts:spider_a":1,"enemyexpansion:botfly":30,"minecraft:cow":10,"enemyexpansion:trollenraged":1,"minecraft:evoker":3,"minecraft:vindicator":3,"minecraft:husk":5,"mythicmounts:firebird":1,"minecraft:rabbit":2,"enemyexpansion:sprinter":4,"minecraft:frog":1,"iceandfire:ghost":4,"minecraft:enderman":8,"graveyard:skeleton_creeper":1,"minecraft:witch":2,"irons_spellbooks:pyromancer":1,"minecraft:spider":12,"minecraft:silverfish":8,"minecraft:illusioner":3,"gamma_beasts:pangolin_c":1,"irons_spellbooks:summoned_skeleton":3,"minecraft:piglin_brute":37,"minecraft:piglin":1,"minecraft:pig":8,"irons_spellbooks:necromancer":3,"minecraft:creeper":12,"minecraft:sheep":7,"minecraft:stray":8,"gamma_beasts:sppinto_c":3,"minecraft:vex":5,"irons_spellbooks:summoned_zombie":7,"enemyexpansion:direwolf":12,"minecraft:phantom":1,"gamma_beasts:spider_c":1,"minecraft:drowned":1,"enemyexpansion:crawler":1,"mythicmounts:netherbat":1,"enemyexpansion:huntsman":2,"minecraft:villager":1,"enemyexpansion:slugger":4},"minecraft:dropped":{"minecraft:iron_sword":6,"iceandfire:raw_silver":7,"minecraft:porkchop":1,"minecraft:lapis_lazuli":11,"gamma_beasts:prehnite_armor_helmet":1,"minecraft:glass_bottle":7,"minecraft:diamond":3,"minecraft:crossbow":2,"minecraft:warped_roots":8,"iceandfire:ectoplasm":5,"minecraft:cracked_stone_bricks":9,"minecraft:rail":16,"minecraft:leather_helmet":1,"minecraft:item_frame":3,"minecraft:emerald":1,"minecraft:dirt":13,"irons_spellbooks:silver_ring":1,"minecraft:netherite_boots":4,"gamma_beasts:prehnite_armor_boots":1,"minecraft:gold_nugget":2,"minecraft:sand":3,"minecraft:iron_pickaxe":1,"minecraft:white_wool":4,"minecraft:blue_bed":2,"minecraft:cyan_carpet":23,"minecraft:bone":10,"minecraft:stone_axe":7,"minecraft:waxed_cut_copper_stairs":1,"minecraft:sugar_cane":1,"minecraft:polished_andesite_slab":3,"minecraft:iron_nugget":61,"minecraft:cobbled_deepslate":83,"minecraft:wheat":11,"minecraft:obsidian":3,"minecraft:rotten_flesh":44,"minecraft:grindstone":2,"minecraft:oak_planks":21,"minecraft:warped_sign":3,"minecraft:white_bed":2,"bosses_of_mass_destruction:soul_star":1,"iceandfire:sapphire_gem":1,"minecraft:tipped_arrow":2,"minecraft:hopper":2,"irons_spellbooks:cooldown_ring":2,"iceandfire:bestiary":2,"minecraft:spruce_slab":2,"minecraft:beef":8,"minecraft:warped_wart_block":1,"minecraft:stone_brick_stairs":6,"iceandfire:manuscript":1,"minecraft:enchanted_book":3,"minecraft:iron_ingot":56,"minecraft:netherite_pickaxe":3,"irons_spellbooks:divine_pearl":2,"minecraft:wheat_seeds":9,"minecraft:netherite_chestplate":6,"minecraft:knowledge_book":2,"minecraft:iron_helmet":10,"minecraft:feather":1,"minecraft:cobblestone":187,"minecraft:book":132,"iceandfire:dragon_stick":2,"minecraft:granite":47,"minecraft:yellow_carpet":3,"minecraft:golden_apple":2,"minecraft:potion":1,"irons_spellbooks:blood_vial":8,"minecraft:golden_hoe":2,"minecraft:paper":4,"minecraft:string":11,"minecraft:gray_carpet":18,"minecraft:spruce_sapling":6,"minecraft:furnace":3,"minecraft:moss_carpet":1,"minecraft:cobblestone_wall":3,"minecraft:bowl":3,"tetra:geode":3,"minecraft:white_carpet":3,"minecraft:iron_boots":8,"iceandfire:dragon_skull_ice":1,"gamma_beasts:blackberry":5,"minecraft:nether_bricks":1,"minecraft:diamond_sword":3,"minecraft:big_dripleaf":1,"minecraft:potato":65,"minecraft:stone":4,"minecraft:spruce_trapdoor":4,"minecraft:spruce_planks":56,"iceandfire:silver_ingot":1,"minecraft:spider_eye":5,"iceandfire:lectern":2,"minecraft:stone_bricks":48,"minecraft:brown_carpet":2,"minecraft:sandstone":1,"minecraft:bow":1,"waystones:waystone":2,"minecraft:nether_brick_stairs":3,"minecraft:moss_block":12,"minecraft:brown_mushroom":1,"minecraft:oak_log":7,"iceandfire:silver_axe":5,"minecraft:baked_potato":41,"minecraft:ender_pearl":3,"minecraft:lantern":5,"gamma_beasts:prehnite":13,"minecraft:honeycomb":1,"minecraft:black_banner":1,"paraglider:spirit_orb":2,"minecraft:flint":12,"minecraft:dark_oak_log":9,"minecraft:mutton":2,"iceandfire:armor_silver_metal_leggings":1,"minecraft:warped_fence_gate":1,"minecraft:snowball":71,"gravestone:obituary":257,"minecraft:amethyst_shard":4,"minecraft:glistering_melon_slice":2,"minecraft:gold_ingot":4,"minecraft:gravel":16,"minecraft:blackstone":1,"minecraft:spyglass":2,"minecraft:pointed_dripstone":5,"minecraft:carrot":2,"gamma_beasts:thin_oak_log":1,"minecraft:poppy":3,"minecraft:rabbit_hide":1,"minecraft:gunpowder":14,"iceandfire:pixie_dust":1,"minecraft:azalea":2,"minecraft:iron_bars":4,"minecraft:arrow":16,"gamma_beasts:fur":5,"minecraft:netherrack":1,"iceandfire:silver_pickaxe":1,"minecraft:purple_carpet":4,"minecraft:bread":16,"irons_spellbooks:legendary_ink":1,"gamma_beasts:coal_nugget":16,"weaponmaster:tutorialbook":1,"minecraft:spectral_arrow":11,"minecraft:hopper_minecart":2,"gamma_beasts:prehnite_pickaxe":2,"iceandfire:dragon_flute":2,"minecraft:stick":24,"irons_spellbooks:scroll":2,"gamma_beasts:red_maple_planks":57,"minecraft:diorite":29,"gamma_beasts:spruce_leaf":17,"minecraft:melon_slice":1,"iceandfire:armor_silver_metal_chestplate":1,"minecraft:iron_leggings":9,"irons_spellbooks:common_ink":2,"minecraft:flowering_azalea":3,"minecraft:iron_axe":3,"irons_spellbooks:frozen_bone":6,"minecraft:bucket":2,"minecraft:redstone":5,"minecraft:oak_trapdoor":1,"minecraft:blaze_rod":8,"minecraft:raw_copper":4,"minecraft:tuff":4,"minecraft:raw_iron":20,"minecraft:iron_hoe":1,"minecraft:red_terracotta":3,"gamma_beasts:green_apple":7,"minecraft:filled_map":2,"minecraft:shield":4,"iceandfire:copper_sword":2,"minecraft:iron_chestplate":9,"minecraft:andesite":62,"minecraft:mossy_stone_bricks":1,"minecraft:golden_leggings":7,"minecraft:oak_sapling":2,"minecraft:spruce_log":61,"minecraft:wooden_pickaxe":2,"minecraft:raw_gold":3,"minecraft:magma_cream":1,"minecraft:calcite":1,"simplyswords:iron_greathammer":4},"minecraft:crafted":{"gamma_beasts:red_maple_planks":124,"minecraft:bookshelf":21,"minecraft:cooked_mutton":1,"gamma_beasts:prehnite_armor_helmet":4,"iceandfire:silver_axe":2,"gamma_beasts:prehnite_armor_boots":3,"minecraft:cooked_porkchop":2,"minecraft:spruce_door":3,"gamma_beasts:prehnite_armor_leggings":2,"minecraft:iron_pickaxe":3,"iceandfire:dragon_horn":1,"gamma_beasts:prehnite_pickaxe":2,"minecraft:iron_nugget":18,"iceandfire:dragon_flute":1,"minecraft:bone_meal":507,"gamma_beasts:prehnite_sword":1,"minecraft:spruce_stairs":8,"minecraft:spruce_slab":54,"minecraft:stone_pickaxe":2,"gamma_beasts:prehnite_axe":1,"simplyswords:iron_greathammer":2,"minecraft:warped_sign":3,"minecraft:iron_shovel":1,"minecraft:iron_leggings":4,"minecraft:white_bed":1,"iceandfire:silver_pickaxe":1,"minecraft:oak_planks":140,"minecraft:stone":4,"gamma_beasts:prehnite_armor_chestplate":3,"minecraft:warped_planks":60,"minecraft:hopper":6,"minecraft:iron_boots":3,"minecraft:chest":18,"minecraft:rail":16,"minecraft:stone_bricks":4,"sophisticatedbackpacks:backpack":1,"minecraft:crafting_table":10,"minecraft:spruce_planks":788,"minecraft:iron_helmet":4,"minecraft:wooden_pickaxe":2,"minecraft:baked_potato":270,"minecraft:hopper_minecart":2,"minecraft:spruce_trapdoor":4,"minecraft:iron_chestplate":3,"minecraft:shield":9,"minecraft:warped_fence_gate":1,"minecraft:stick":96,"minecraft:iron_ingot":73,"minecraft:stone_sword":1,"minecraft:shears":1,"iceandfire:dragon_stick":1,"minecraft:furnace":2,"minecraft:warped_fence":3,"minecraft:iron_axe":3,"minecraft:iron_hoe":1,"minecraft:cobblestone_wall":54,"minecraft:minecart":2,"minecraft:cooked_beef":8,"minecraft:diamond_sword":1,"iceandfire:silver_ingot":7,"minecraft:iron_sword":1,"minecraft:cooked_salmon":36,"minecraft:bucket":1,"minecraft:stone_axe":1,"minecraft:air":0,"minecraft:white_wool":1},"minecraft:custom":{"minecraft:interact_with_crafting_table":140,"minecraft:open_barrel":29,"minecraft:bell_ring":77,"minecraft:eat_cake_slice":9,"minecraft:leave_game":15,"minecraft:time_since_death":28603,"minecraft:damage_blocked_by_shield":12048,"minecraft:play_time":1086619,"minecraft:deaths":153,"minecraft:jump":19653,"minecraft:interact_with_furnace":59,"minecraft:sleep_in_bed":35,"minecraft:waystone_activated":4,"minecraft:damage_dealt":71903,"minecraft:interact_with_smoker":59,"minecraft:inspect_dispenser":2,"minecraft:horse_one_cm":12093,"minecraft:interact_with_smithing_table":9,"minecraft:interact_with_anvil":12,"minecraft:inspect_hopper":2,"minecraft:damage_dealt_absorbed":81,"minecraft:sneak_time":111403,"minecraft:interact_with_blast_furnace":19,"minecraft:total_world_time":1086619,"minecraft:interact_with_stonecutter":4,"minecraft:time_since_rest":28626,"minecraft:swim_one_cm":463246,"minecraft:fly_one_cm":4025437,"minecraft:open_chest":277,"minecraft:fall_one_cm":614997,"minecraft:damage_resisted":2795,"minecraft:sprint_one_cm":2818132,"minecraft:drop":1219,"minecraft:talked_to_villager":12,"minecraft:interact_with_brewingstand":1,"minecraft:walk_on_water_one_cm":147263,"minecraft:crouch_one_cm":296186,"minecraft:mob_kills":428,"minecraft:damage_dealt_resisted":120,"minecraft:climb_one_cm":14404,"minecraft:walk_one_cm":3160483,"minecraft:walk_under_water_one_cm":166396,"minecraft:boat_one_cm":79309,"minecraft:damage_taken":65175,"minecraft:damage_absorbed":85,"minecraft:trigger_trapped_chest":1},"minecraft:mined":{"minecraft:dark_oak_planks":6,"minecraft:white_bed":11,"gamma_beasts:spider_egg":6,"minecraft:obsidian":5,"minecraft:granite":61,"minecraft:stone_brick_wall":2,"minecraft:yellow_carpet":1,"minecraft:light_gray_bed":4,"minecraft:hopper":1,"minecraft:spawner":4,"minecraft:cobbled_deepslate":3,"minecraft:fire":6,"minecraft:pumpkin":9,"minecraft:deepslate_lapis_ore":4,"minecraft:nether_brick_stairs":2,"minecraft:enchanting_table":1,"minecraft:cave_vines":4,"iceandfire:gold_pile":16,"minecraft:water_cauldron":2,"minecraft:dirt_path":6,"minecraft:small_amethyst_bud":4,"minecraft:player_head":4,"minecraft:brown_mushroom":1,"minecraft:smoker":3,"minecraft:amethyst_cluster":1,"minecraft:torch":3,"minecraft:blast_furnace":1,"minecraft:melon":6,"minecraft:cyan_bed":4,"minecraft:amethyst_block":2,"minecraft:skeleton_skull":1,"paraglider:horned_statue":3,"minecraft:grass":7,"minecraft:red_mushroom_block":1,"minecraft:deepslate":170,"iceandfire:silver_ore":37,"minecraft:mossy_cobblestone":1,"tetra:block_geode":1,"minecraft:dark_oak_log":6,"minecraft:nether_bricks":1,"minecraft:spruce_fence":5,"minecraft:moss_block":8,"minecraft:snow":1,"minecraft:andesite":63,"minecraft:potatoes":6,"minecraft:vine":3,"minecraft:rail":1,"minecraft:warped_stem":15,"minecraft:bone_block":57,"minecraft:smithing_table":3,"minecraft:emerald_ore":4,"minecraft:warped_roots":5,"minecraft:tall_grass":4,"minecraft:copper_ore":4,"minecraft:deepslate_gold_ore":3,"minecraft:diorite":27,"minecraft:big_dripleaf":1,"minecraft:warped_wart_block":1,"minecraft:stripped_spruce_wood":8,"minecraft:cobblestone_wall":12,"minecraft:spruce_log":176,"minecraft:gravel":14,"minecraft:dripstone_block":2,"minecraft:cobweb":97,"minecraft:stone_bricks":36,"minecraft:fern":3,"minecraft:large_amethyst_bud":1,"minecraft:spruce_planks":161,"minecraft:farmland":1,"minecraft:cave_vines_plant":1,"minecraft:grass_block":47,"iceandfire:lectern":2,"minecraft:iron_ore":113,"minecraft:anvil":1,"minecraft:flowering_azalea_leaves":3,"minecraft:iron_bars":4,"minecraft:azalea_leaves":1,"minecraft:azalea":1,"minecraft:spruce_slab":15,"iceandfire:chared_cobblestone":19,"minecraft:deepslate_redstone_ore":1,"gamma_beasts:red_maple_planks":2,"tetra:scroll_rolled":5,"minecraft:medium_amethyst_bud":1,"minecraft:clay":2,"minecraft:poppy":1,"minecraft:chest":7,"minecraft:nether_quartz_ore":16,"minecraft:cobblestone":49,"minecraft:grindstone":1,"minecraft:oak_planks":9,"minecraft:iron_door":1,"minecraft:wall_torch":13,"minecraft:warped_nylium":2,"minecraft:birch_trapdoor":1,"minecraft:oak_log":19,"minecraft:sand":67,"minecraft:dirt":43,"minecraft:wither_skeleton_skull":1,"minecraft:netherrack":30,"gamma_beasts:red_maple_log":32,"minecraft:oak_leaves":141,"iceandfire:chared_stone":26,"minecraft:nether_gold_ore":9,"minecraft:diamond_ore":2,"minecraft:tuff":6,"minecraft:deepslate_diamond_ore":6,"minecraft:candle":1,"gamma_beasts:roblo_hoja":8,"gravestone:gravestone":127,"minecraft:black_banner":1,"minecraft:decorated_pot":1,"minecraft:polished_andesite_slab":2,"minecraft:spruce_leaves":190,"minecraft:sandstone":1,"minecraft:furnace":3,"gamma_beasts:prehnite_ore":77,"minecraft:stripped_spruce_log":9,"minecraft:gold_block":1,"minecraft:bell":2,"minecraft:bookshelf":20,"minecraft:deepslate_iron_ore":6,"minecraft:stripped_oak_log":13,"minecraft:packed_ice":13,"minecraft:stone":565,"gamma_beasts:abeto_hoja":40,"minecraft:flowering_azalea":1,"minecraft:infested_stone_bricks":1,"minecraft:basalt":2,"minecraft:spruce_door":4,"minecraft:crafting_table":24,"gamma_beasts:abeto_hoja_1":25,"minecraft:lapis_ore":5,"minecraft:blue_bed":15,"minecraft:spruce_stairs":8,"gamma_beasts:deepslate_prehnite_ore":27,"minecraft:ice":260,"minecraft:black_wall_banner":2,"gamma_beasts:thin_oak_log":1,"minecraft:coal_ore":120,"minecraft:end_rod":2,"minecraft:gray_carpet":3,"minecraft:cracked_stone_bricks":3,"minecraft:mossy_stone_bricks":1,"paraglider:goddess_statue":1},"minecraft:broken":{"gamma_beasts:prehnite_armor_leggings":1,"minecraft:stone_sword":1,"minecraft:shield":4,"gamma_beasts:prehnite_armor_helmet":2,"minecraft:wooden_hoe":1,"iceandfire:silver_axe":1,"minecraft:netherite_boots":2,"iceandfire:silver_pickaxe":1,"minecraft:golden_leggings":2,"gamma_beasts:prehnite_pickaxe":1,"gamma_beasts:prehnite_armor_chestplate":1,"gamma_beasts:prehnite_armor_boots":3},"minecraft:used":{"minecraft:moss_block":2,"minecraft:spruce_slab":40,"iceandfire:dragon_skull_ice":1,"minecraft:poppy":1,"minecraft:chest":16,"minecraft:rotten_flesh":11,"gamma_beasts:prehnite_pickaxe":485,"minecraft:snowball":16,"minecraft:stripped_spruce_log":1,"minecraft:spruce_boat":5,"minecraft:lava_bucket":2,"gamma_beasts:red_maple_planks":14,"minecraft:furnace":3,"minecraft:egg":2,"minecraft:potato":105,"minecraft:spruce_door":5,"minecraft:chorus_fruit":3,"minecraft:wooden_pickaxe":73,"minecraft:oak_leaves":71,"minecraft:glow_berries":13,"minecraft:golden_apple":3,"minecraft:sand":65,"gamma_beasts:prehnite_axe":124,"minecraft:blast_furnace":1,"gamma_beasts:prehnite_armor_helmet":1,"gamma_beasts:blackberry":113,"iceandfire:silver_pickaxe":389,"gamma_beasts:bird_thigh":2,"minecraft:diamond_sword":1221,"minecraft:smithing_table":2,"minecraft:stone_sword":127,"minecraft:enchanting_table":1,"minecraft:cooked_salmon":40,"minecraft:netherrack":42,"minecraft:torch":50,"minecraft:anvil":1,"minecraft:warped_wart_block":1,"tetra:scroll_rolled":5,"gamma_beasts:red_maple_log":1,"minecraft:iron_axe":26,"minecraft:totem_of_undying":1,"minecraft:beef":11,"minecraft:cobbled_deepslate":104,"minecraft:knowledge_book":1,"minecraft:water_bucket":52,"minecraft:rabbit":2,"minecraft:bundle":1,"gamma_beasts:prehnite_sword":62,"minecraft:cauldron":2,"minecraft:salmon":39,"minecraft:crafting_table":30,"minecraft:white_bed":9,"minecraft:cod":2,"minecraft:spruce_log":104,"minecraft:iron_pickaxe":280,"minecraft:suspicious_stew":2,"minecraft:cobblestone":408,"minecraft:potion":5,"minecraft:porkchop":7,"minecraft:cooked_porkchop":4,"gamma_beasts:meat":13,"minecraft:iron_shovel":66,"minecraft:shield":256,"minecraft:iron_sword":89,"minecraft:bell":2,"minecraft:player_head":1,"minecraft:spruce_leaves":2,"minecraft:mutton":5,"minecraft:nether_bricks":4,"minecraft:carrot":9,"minecraft:obsidian":2,"minecraft:iron_helmet":2,"minecraft:stone_bricks":8,"minecraft:birch_trapdoor":1,"minecraft:stone_pickaxe":15,"minecraft:gray_carpet":3,"minecraft:oak_planks":6,"minecraft:ender_pearl":1,"minecraft:blue_bed":16,"minecraft:black_banner":2,"minecraft:crossbow":2,"iceandfire:silver_axe":524,"minecraft:shears":223,"simplyswords:iron_greathammer":3,"minecraft:melon_slice":11,"minecraft:bread":16,"minecraft:cyan_bed":3,"iceandfire:ice_dragon_flesh":2,"minecraft:iron_door":1,"minecraft:gravel":9,"minecraft:andesite":4,"minecraft:bone_meal":4,"minecraft:spruce_planks":679,"gamma_beasts:green_apple":18,"minecraft:dirt":61,"minecraft:hopper":5,"minecraft:spruce_stairs":15,"minecraft:cobblestone_wall":46,"minecraft:granite":21,"minecraft:iron_hoe":99,"minecraft:dark_oak_planks":5,"minecraft:bookshelf":21,"minecraft:netherite_pickaxe":699,"minecraft:cooked_beef":12,"minecraft:light_gray_bed":5,"minecraft:beetroot_soup":1,"minecraft:cooked_mutton":1,"minecraft:baked_potato":181,"minecraft:smoker":1,"minecraft:wooden_hoe":36,"minecraft:apple":1,"minecraft:stone_axe":118,"minecraft:bucket":56,"minecraft:pumpkin_pie":1}},"DataVersion":3465}