{"stats":{"minecraft:dropped":{"minecraft:enchanted_book":2,"minecraft:wheat_seeds":1,"minecraft:oak_log":6,"irons_spellbooks:legendary_ink":1,"minecraft:glass_bottle":5,"weaponmaster:tutorialbook":1,"gamma_beasts:coal_nugget":1,"minecraft:feather":1,"minecraft:cobblestone":19,"minecraft:knowledge_book":2,"iceandfire:dragon_stick":1,"minecraft:honeycomb":1,"minecraft:granite":1,"iceandfire:ectoplasm":5,"minecraft:item_frame":1,"minecraft:stick":7,"minecraft:flint":1,"irons_spellbooks:scroll":2,"minecraft:dirt":1,"gamma_beasts:red_maple_planks":57,"irons_spellbooks:silver_ring":1,"gamma_beasts:spruce_leaf":10,"minecraft:melon_slice":1,"minecraft:potion":1,"minecraft:golden_hoe":2,"gravestone:obituary":78,"minecraft:gold_nugget":2,"irons_spellbooks:common_ink":2,"minecraft:flowering_azalea":3,"minecraft:iron_pickaxe":1,"minecraft:paper":4,"minecraft:string":5,"minecraft:white_wool":2,"minecraft:blue_bed":2,"minecraft:gold_ingot":4,"minecraft:stone_axe":2,"minecraft:sugar_cane":1,"minecraft:spyglass":2,"minecraft:polished_andesite_slab":2,"minecraft:iron_nugget":54,"minecraft:cobbled_deepslate":40,"minecraft:bowl":3,"minecraft:wheat":11,"minecraft:pointed_dripstone":5,"minecraft:white_carpet":3,"minecraft:rotten_flesh":2,"minecraft:grindstone":2,"minecraft:white_bed":1,"gamma_beasts:blackberry":1,"minecraft:filled_map":2,"minecraft:rabbit_hide":1,"iceandfire:sapphire_gem":1,"minecraft:stone":2,"minecraft:shield":2,"minecraft:gunpowder":3,"minecraft:spruce_planks":2,"minecraft:oak_sapling":2,"iceandfire:bestiary":2,"iceandfire:lectern":2,"minecraft:stone_bricks":5,"minecraft:spider_eye":1,"minecraft:arrow":9,"minecraft:wooden_pickaxe":1,"iceandfire:silver_pickaxe":1,"iceandfire:manuscript":1,"gamma_beasts:fur":5},"minecraft:killed_by":{"minecraft:husk":1,"minecraft:vex":1},"minecraft:broken":{"minecraft:stone_sword":1},"minecraft:killed":{"minecraft:vex":5,"minecraft:evoker":2,"minecraft:witch":2,"irons_spellbooks:pyromancer":1,"minecraft:vindicator":2,"minecraft:spider":3,"enemyexpansion:direwolf":3,"minecraft:skeleton":1,"minecraft:illusioner":2,"minecraft:pig":4,"mythicmounts:firebird":1,"minecraft:salmon":13,"minecraft:rabbit":2,"minecraft:creeper":1,"minecraft:pillager":2,"minecraft:zombie":3,"iceandfire:ghost":2,"gamma_beasts:sppinto_c":3,"enemyexpansion:slugger":3},"minecraft:used":{"minecraft:stone_sword":122,"minecraft:spruce_planks":18,"minecraft:shield":54,"minecraft:torch":2,"minecraft:dirt":15,"minecraft:spruce_stairs":1,"minecraft:carrot":1,"gamma_beasts:prehnite_pickaxe":12,"minecraft:snowball":13,"gamma_beasts:red_maple_log":1,"minecraft:stone_bricks":4,"minecraft:beef":1,"gamma_beasts:red_maple_planks":14,"minecraft:egg":2,"minecraft:cooked_beef":1,"minecraft:potato":6,"minecraft:cobbled_deepslate":34,"minecraft:beetroot_soup":1,"minecraft:knowledge_book":1,"minecraft:water_bucket":1,"minecraft:rabbit":2,"minecraft:stone_pickaxe":5,"minecraft:wooden_pickaxe":25,"minecraft:blue_bed":16,"minecraft:salmon":12,"minecraft:golden_apple":2,"minecraft:glow_berries":1,"minecraft:crafting_table":8,"minecraft:white_bed":6,"iceandfire:silver_axe":60,"minecraft:cod":2,"gamma_beasts:blackberry":45,"minecraft:spruce_log":1,"iceandfire:silver_pickaxe":82,"minecraft:cyan_bed":1,"minecraft:melon_slice":11,"minecraft:bread":4,"minecraft:suspicious_stew":2,"minecraft:iron_pickaxe":124,"minecraft:iron_door":1,"minecraft:stone_axe":117,"minecraft:diamond_sword":74,"minecraft:cobblestone":17,"minecraft:potion":3,"minecraft:porkchop":7,"minecraft:bucket":2,"gamma_beasts:meat":7},"minecraft:custom":{"minecraft:interact_with_anvil":2,"minecraft:mob_kills":65,"minecraft:interact_with_crafting_table":24,"minecraft:open_barrel":13,"minecraft:eat_cake_slice":3,"minecraft:leave_game":2,"minecraft:time_since_death":209,"minecraft:climb_one_cm":1047,"minecraft:damage_resisted":113,"minecraft:sprint_one_cm":817040,"minecraft:walk_one_cm":864586,"minecraft:damage_blocked_by_shield":2281,"minecraft:drop":250,"minecraft:damage_dealt_absorbed":81,"minecraft:talked_to_villager":4,"minecraft:play_time":251779,"minecraft:deaths":50,"minecraft:sneak_time":12290,"minecraft:walk_under_water_one_cm":48465,"minecraft:jump":5212,"minecraft:interact_with_brewingstand":1,"minecraft:walk_on_water_one_cm":47251,"minecraft:total_world_time":251779,"minecraft:interact_with_furnace":11,"minecraft:sleep_in_bed":18,"minecraft:time_since_rest":232,"minecraft:waystone_activated":1,"minecraft:damage_taken":16643,"minecraft:damage_absorbed":40,"minecraft:damage_dealt":13783,"minecraft:swim_one_cm":156315,"minecraft:fly_one_cm":1111540,"minecraft:open_chest":23,"minecraft:crouch_one_cm":32909,"minecraft:inspect_dispenser":2,"minecraft:fall_one_cm":136789},"minecraft:mined":{"minecraft:tuff":4,"minecraft:spruce_planks":3,"minecraft:white_bed":6,"iceandfire:silver_ore":7,"minecraft:mossy_cobblestone":1,"minecraft:deepslate_diamond_ore":2,"minecraft:cave_vines_plant":1,"minecraft:granite":6,"gravestone:gravestone":46,"minecraft:stone_brick_wall":2,"minecraft:grass_block":11,"minecraft:decorated_pot":1,"iceandfire:lectern":2,"minecraft:polished_andesite_slab":1,"minecraft:spruce_leaves":11,"minecraft:spawner":1,"minecraft:furnace":1,"minecraft:iron_ore":5,"minecraft:cobbled_deepslate":2,"gamma_beasts:prehnite_ore":7,"minecraft:andesite":10,"minecraft:cave_vines":1,"minecraft:deepslate_iron_ore":1,"minecraft:potatoes":3,"minecraft:bookshelf":10,"minecraft:flowering_azalea_leaves":3,"minecraft:dirt_path":4,"minecraft:packed_ice":13,"minecraft:azalea_leaves":1,"minecraft:stone":85,"gamma_beasts:abeto_hoja":15,"minecraft:flowering_azalea":1,"gamma_beasts:red_maple_planks":2,"minecraft:crafting_table":7,"gamma_beasts:abeto_hoja_1":10,"minecraft:melon":6,"minecraft:cyan_bed":1,"minecraft:copper_ore":3,"minecraft:cobblestone":7,"minecraft:deepslate_gold_ore":1,"minecraft:grindstone":1,"minecraft:diorite":4,"minecraft:iron_door":1,"minecraft:blue_bed":15,"minecraft:skeleton_skull":1,"minecraft:spruce_stairs":1,"minecraft:spruce_log":8,"minecraft:grass":1,"minecraft:coal_ore":1,"minecraft:end_rod":2,"minecraft:dripstone_block":2,"minecraft:gravel":3,"minecraft:dirt":13,"minecraft:wither_skeleton_skull":1,"minecraft:stone_bricks":1,"gamma_beasts:red_maple_log":32,"minecraft:oak_leaves":4,"minecraft:deepslate":70,"minecraft:fern":1},"minecraft:picked_up":{"irons_spellbooks:scroll":2,"minecraft:crafting_table":7,"minecraft:suspicious_stew":1,"gamma_beasts:fur":5,"minecraft:stone_brick_wall":3,"minecraft:enchanted_book":5,"minecraft:potion":2,"minecraft:knowledge_book":2,"gravestone:obituary":60,"minecraft:shield":1,"minecraft:string":6,"minecraft:item_frame":1,"minecraft:white_carpet":3,"minecraft:cracked_stone_bricks":1,"iceandfire:bestiary":1,"irons_spellbooks:arcane_essence":8,"minecraft:gold_nugget":2,"minecraft:cobbled_deepslate":75,"minecraft:spruce_planks":7,"minecraft:beef":1,"gamma_beasts:red_maple_log":47,"minecraft:iron_nugget":27,"minecraft:melon_slice":12,"minecraft:sugar_cane":1,"minecraft:furnace":1,"minecraft:egg":2,"minecraft:raw_iron":7,"iceandfire:dragonbone":16,"minecraft:stone":2,"minecraft:torch":9,"minecraft:spruce_stairs":1,"minecraft:porkchop":7,"minecraft:pointed_dripstone":5,"minecraft:carrot":1,"irons_spellbooks:fire_rune":1,"iceandfire:dragon_skull_ice":2,"minecraft:rotten_flesh":2,"minecraft:arrow":13,"minecraft:golden_hoe":1,"minecraft:end_rod":2,"gamma_beasts:coal_nugget":1,"minecraft:gold_ingot":4,"minecraft:glow_berries":2,"minecraft:skeleton_skull":1,"minecraft:white_wool":4,"minecraft:snowball":12,"minecraft:cobblestone":65,"iceandfire:sapphire_gem":2,"minecraft:feather":1,"minecraft:cooked_beef":1,"minecraft:iron_door":1,"minecraft:salmon":12,"gamma_beasts:prehnite":8,"minecraft:potato":5,"minecraft:filled_map":2,"paraglider:spirit_orb":2,"gamma_beasts:red_maple_planks":55,"iceandfire:ectoplasm":5,"minecraft:oak_log":6,"minecraft:gunpowder":3,"minecraft:wither_skeleton_skull":1,"minecraft:dirt":27,"minecraft:blue_bed":19,"minecraft:paper":4,"minecraft:red_carpet":2,"gamma_beasts:prehnite_armor_helmet":1,"irons_spellbooks:common_ink":1,"minecraft:bone":4,"minecraft:stone_bricks":19,"gamma_beasts:meat":7,"minecraft:wheat_seeds":2,"minecraft:raw_gold":1,"iceandfire:dragon_stick":1,"minecraft:rabbit_hide":1,"minecraft:iron_ingot":1,"minecraft:grindstone":2,"weaponmaster:tutorialbook":1,"minecraft:rabbit":2,"minecraft:glass_bottle":5,"minecraft:polished_andesite_slab":2,"minecraft:flowering_azalea":3,"minecraft:book":47,"minecraft:pumpkin":1,"irons_spellbooks:legendary_ink":2,"minecraft:spyglass":1,"minecraft:white_bed":6,"minecraft:spruce_log":8,"minecraft:cyan_bed":1,"gamma_beasts:blackberry":58,"minecraft:spider_eye":1,"gamma_beasts:spruce_leaf":10,"minecraft:yellow_carpet":5,"minecraft:diamond":2,"minecraft:stone_axe":1,"iceandfire:lectern":2,"waystones:waystone":1,"minecraft:crossbow":1,"minecraft:granite":1,"minecraft:emerald":2,"minecraft:oak_sapling":2,"iceandfire:raw_silver":7},"minecraft:crafted":{"gamma_beasts:red_maple_planks":124,"iceandfire:dragon_stick":1,"iceandfire:dragon_flute":1,"minecraft:stone_pickaxe":1,"gamma_beasts:prehnite_armor_helmet":1,"iceandfire:silver_axe":1,"minecraft:diamond_sword":1,"iceandfire:silver_ingot":7,"minecraft:crafting_table":1,"minecraft:spruce_planks":28,"minecraft:wooden_pickaxe":1,"minecraft:stone_axe":1,"minecraft:air":0,"minecraft:white_wool":1,"minecraft:shield":2,"minecraft:stick":24,"minecraft:stone_sword":1,"iceandfire:dragon_horn":1,"minecraft:white_bed":1,"iceandfire:silver_pickaxe":1,"gamma_beasts:prehnite_pickaxe":1}},"DataVersion":3465}