{"stats":{"minecraft:dropped":{"minecraft:iron_sword":4,"iceandfire:raw_silver":6,"minecraft:moss_block":12,"minecraft:lapis_lazuli":8,"minecraft:oak_log":6,"iceandfire:silver_axe":1,"minecraft:ender_pearl":2,"minecraft:glass_bottle":5,"minecraft:diamond":3,"minecraft:crossbow":2,"minecraft:lantern":4,"gamma_beasts:prehnite":4,"minecraft:honeycomb":1,"iceandfire:ectoplasm":5,"minecraft:cracked_stone_bricks":9,"minecraft:rail":16,"paraglider:spirit_orb":2,"minecraft:item_frame":1,"minecraft:flint":12,"minecraft:emerald":1,"minecraft:dirt":2,"minecraft:dark_oak_log":9,"irons_spellbooks:silver_ring":1,"minecraft:mutton":2,"gravestone:obituary":163,"minecraft:gold_nugget":2,"minecraft:iron_pickaxe":1,"minecraft:white_wool":4,"minecraft:blue_bed":2,"minecraft:bone":6,"minecraft:gold_ingot":4,"minecraft:gravel":16,"minecraft:stone_axe":7,"minecraft:sugar_cane":1,"minecraft:spyglass":2,"minecraft:polished_andesite_slab":3,"minecraft:iron_nugget":54,"minecraft:cobbled_deepslate":68,"minecraft:wheat":11,"minecraft:pointed_dripstone":5,"minecraft:rotten_flesh":4,"minecraft:grindstone":2,"minecraft:oak_planks":13,"minecraft:white_bed":2,"minecraft:poppy":2,"minecraft:rabbit_hide":1,"iceandfire:sapphire_gem":1,"minecraft:gunpowder":6,"irons_spellbooks:cooldown_ring":2,"minecraft:hopper":2,"minecraft:azalea":2,"iceandfire:bestiary":2,"minecraft:arrow":11,"minecraft:beef":8,"iceandfire:silver_pickaxe":1,"iceandfire:manuscript":1,"gamma_beasts:fur":5,"minecraft:purple_carpet":4,"minecraft:enchanted_book":3,"minecraft:iron_ingot":6,"minecraft:bread":16,"irons_spellbooks:divine_pearl":2,"minecraft:wheat_seeds":2,"irons_spellbooks:legendary_ink":1,"gamma_beasts:coal_nugget":6,"weaponmaster:tutorialbook":1,"minecraft:iron_helmet":2,"minecraft:feather":1,"minecraft:cobblestone":118,"minecraft:knowledge_book":2,"minecraft:book":132,"minecraft:spectral_arrow":11,"iceandfire:dragon_stick":2,"minecraft:granite":18,"minecraft:hopper_minecart":2,"gamma_beasts:prehnite_pickaxe":1,"minecraft:yellow_carpet":3,"minecraft:golden_apple":2,"iceandfire:dragon_flute":2,"minecraft:stick":17,"irons_spellbooks:scroll":2,"gamma_beasts:red_maple_planks":57,"minecraft:diorite":8,"gamma_beasts:spruce_leaf":17,"minecraft:melon_slice":1,"minecraft:potion":1,"irons_spellbooks:blood_vial":8,"minecraft:golden_hoe":2,"irons_spellbooks:common_ink":2,"minecraft:flowering_azalea":3,"minecraft:paper":4,"minecraft:string":5,"irons_spellbooks:frozen_bone":6,"minecraft:spruce_sapling":3,"minecraft:moss_carpet":1,"minecraft:blaze_rod":8,"minecraft:raw_copper":4,"minecraft:bowl":3,"tetra:geode":2,"minecraft:tuff":4,"minecraft:raw_iron":19,"minecraft:white_carpet":3,"iceandfire:dragon_skull_ice":1,"gamma_beasts:blackberry":1,"gamma_beasts:green_apple":7,"minecraft:filled_map":2,"minecraft:diamond_sword":2,"minecraft:big_dripleaf":1,"minecraft:stone":4,"minecraft:shield":2,"iceandfire:copper_sword":2,"minecraft:spruce_trapdoor":4,"minecraft:spruce_planks":54,"minecraft:andesite":14,"minecraft:mossy_stone_bricks":1,"iceandfire:silver_ingot":1,"minecraft:oak_sapling":2,"minecraft:spider_eye":1,"iceandfire:lectern":2,"minecraft:stone_bricks":44,"minecraft:brown_carpet":2,"minecraft:bow":1,"minecraft:wooden_pickaxe":1,"waystones:waystone":2},"minecraft:killed_by":{"minecraft:vex":1,"minecraft:husk":1,"minecraft:player":1},"minecraft:broken":{"minecraft:stone_sword":1,"gamma_beasts:prehnite_pickaxe":1,"minecraft:shield":1,"gamma_beasts:prehnite_armor_helmet":1,"minecraft:wooden_hoe":1,"iceandfire:silver_axe":1},"minecraft:killed":{"minecraft:witch":2,"irons_spellbooks:pyromancer":1,"minecraft:spider":3,"minecraft:skeleton":3,"minecraft:silverfish":4,"minecraft:illusioner":3,"irons_spellbooks:summoned_skeleton":2,"minecraft:pig":4,"minecraft:salmon":26,"irons_spellbooks:necromancer":1,"minecraft:creeper":3,"minecraft:sheep":1,"minecraft:pillager":2,"minecraft:zombie":13,"enemyexpansion:botfly":10,"minecraft:stray":1,"gamma_beasts:sppinto_c":3,"minecraft:cow":8,"minecraft:evoker":3,"minecraft:vex":5,"irons_spellbooks:summoned_zombie":3,"minecraft:vindicator":3,"enemyexpansion:direwolf":4,"mythicmounts:firebird":1,"minecraft:rabbit":2,"enemyexpansion:sprinter":1,"iceandfire:ghost":3,"minecraft:villager":1,"minecraft:enderman":1,"enemyexpansion:slugger":3},"minecraft:custom":{"minecraft:interact_with_crafting_table":75,"minecraft:open_barrel":13,"minecraft:bell_ring":36,"minecraft:eat_cake_slice":3,"minecraft:leave_game":3,"minecraft:time_since_death":26257,"minecraft:damage_resisted":113,"minecraft:sprint_one_cm":1262179,"minecraft:damage_blocked_by_shield":2792,"minecraft:drop":712,"minecraft:talked_to_villager":9,"minecraft:play_time":457405,"minecraft:deaths":83,"minecraft:jump":7761,"minecraft:interact_with_brewingstand":1,"minecraft:walk_on_water_one_cm":65348,"minecraft:interact_with_furnace":21,"minecraft:sleep_in_bed":28,"minecraft:waystone_activated":2,"minecraft:damage_dealt":24045,"minecraft:crouch_one_cm":69766,"minecraft:inspect_dispenser":2,"minecraft:interact_with_smoker":12,"minecraft:interact_with_anvil":10,"minecraft:mob_kills":132,"minecraft:climb_one_cm":5893,"minecraft:walk_one_cm":1674867,"minecraft:damage_dealt_absorbed":81,"minecraft:sneak_time":23409,"minecraft:walk_under_water_one_cm":67039,"minecraft:boat_one_cm":74213,"minecraft:interact_with_blast_furnace":12,"minecraft:total_world_time":457405,"minecraft:interact_with_stonecutter":1,"minecraft:time_since_rest":10763,"minecraft:damage_taken":28027,"minecraft:damage_absorbed":79,"minecraft:trigger_trapped_chest":1,"minecraft:swim_one_cm":180000,"minecraft:fly_one_cm":1532397,"minecraft:open_chest":74,"minecraft:fall_one_cm":213862},"minecraft:used":{"minecraft:moss_block":2,"minecraft:spruce_slab":15,"iceandfire:dragon_skull_ice":1,"minecraft:chest":6,"minecraft:shield":63,"minecraft:iron_sword":16,"minecraft:spruce_leaves":2,"minecraft:carrot":1,"gamma_beasts:prehnite_pickaxe":272,"minecraft:snowball":14,"minecraft:stone_bricks":4,"gamma_beasts:red_maple_planks":14,"minecraft:egg":2,"minecraft:potato":9,"minecraft:spruce_door":5,"minecraft:oak_planks":1,"minecraft:stone_pickaxe":5,"minecraft:wooden_pickaxe":25,"minecraft:blue_bed":16,"minecraft:oak_leaves":71,"minecraft:golden_apple":2,"minecraft:glow_berries":13,"minecraft:blast_furnace":1,"minecraft:crossbow":2,"iceandfire:silver_axe":462,"gamma_beasts:blackberry":63,"minecraft:shears":223,"iceandfire:silver_pickaxe":204,"minecraft:melon_slice":11,"minecraft:bread":16,"minecraft:cyan_bed":1,"minecraft:iron_door":1,"minecraft:gravel":6,"minecraft:diamond_sword":231,"minecraft:bone_meal":4,"minecraft:stone_sword":122,"minecraft:enchanting_table":1,"minecraft:spruce_planks":388,"gamma_beasts:green_apple":12,"minecraft:torch":37,"minecraft:dirt":41,"minecraft:anvil":1,"minecraft:spruce_stairs":15,"minecraft:cobblestone_wall":44,"minecraft:iron_hoe":83,"minecraft:bookshelf":21,"gamma_beasts:red_maple_log":1,"minecraft:totem_of_undying":1,"minecraft:beef":1,"minecraft:cooked_beef":4,"minecraft:cobbled_deepslate":67,"minecraft:light_gray_bed":5,"minecraft:beetroot_soup":1,"minecraft:knowledge_book":1,"minecraft:cooked_mutton":1,"minecraft:water_bucket":4,"minecraft:rabbit":2,"minecraft:salmon":23,"minecraft:crafting_table":17,"minecraft:white_bed":8,"minecraft:cod":2,"minecraft:spruce_log":94,"minecraft:smoker":1,"minecraft:wooden_hoe":36,"minecraft:apple":1,"minecraft:iron_pickaxe":124,"minecraft:suspicious_stew":2,"minecraft:stone_axe":118,"minecraft:potion":3,"minecraft:cobblestone":65,"minecraft:porkchop":7,"minecraft:cooked_porkchop":2,"minecraft:bucket":5,"gamma_beasts:meat":7},"minecraft:mined":{"minecraft:white_bed":10,"minecraft:spruce_planks":144,"minecraft:farmland":1,"minecraft:cave_vines_plant":1,"minecraft:granite":6,"minecraft:stone_brick_wall":2,"minecraft:grass_block":32,"minecraft:yellow_carpet":1,"minecraft:light_gray_bed":4,"iceandfire:lectern":2,"minecraft:spawner":1,"minecraft:iron_ore":53,"minecraft:cobbled_deepslate":2,"minecraft:pumpkin":9,"minecraft:anvil":1,"minecraft:deepslate_lapis_ore":2,"minecraft:enchanting_table":1,"minecraft:flowering_azalea_leaves":3,"minecraft:dirt_path":6,"minecraft:cave_vines":4,"minecraft:azalea_leaves":1,"minecraft:azalea":1,"minecraft:spruce_slab":6,"gamma_beasts:red_maple_planks":2,"minecraft:smoker":1,"minecraft:clay":2,"minecraft:blast_furnace":1,"minecraft:melon":6,"minecraft:chest":1,"minecraft:cobblestone":14,"minecraft:cyan_bed":1,"minecraft:grindstone":1,"minecraft:iron_door":1,"minecraft:wall_torch":6,"minecraft:skeleton_skull":1,"minecraft:grass":5,"minecraft:oak_log":12,"minecraft:dirt":18,"minecraft:wither_skeleton_skull":1,"minecraft:red_mushroom_block":1,"gamma_beasts:red_maple_log":32,"minecraft:oak_leaves":138,"minecraft:deepslate":119,"minecraft:tuff":5,"iceandfire:silver_ore":24,"minecraft:mossy_cobblestone":1,"minecraft:deepslate_diamond_ore":5,"tetra:block_geode":1,"minecraft:dark_oak_log":6,"gamma_beasts:roblo_hoja":4,"gravestone:gravestone":78,"minecraft:spruce_fence":5,"minecraft:decorated_pot":1,"minecraft:polished_andesite_slab":2,"minecraft:spruce_leaves":175,"minecraft:moss_block":8,"minecraft:furnace":1,"gamma_beasts:prehnite_ore":24,"minecraft:andesite":10,"minecraft:stripped_spruce_log":8,"minecraft:bell":1,"minecraft:bookshelf":20,"minecraft:potatoes":5,"minecraft:deepslate_iron_ore":6,"minecraft:vine":3,"minecraft:stripped_oak_log":13,"minecraft:packed_ice":13,"minecraft:stone":164,"minecraft:smithing_table":1,"gamma_beasts:abeto_hoja":25,"minecraft:flowering_azalea":1,"minecraft:infested_stone_bricks":1,"minecraft:spruce_door":4,"minecraft:crafting_table":14,"gamma_beasts:abeto_hoja_1":17,"minecraft:copper_ore":4,"minecraft:tall_grass":4,"minecraft:deepslate_gold_ore":1,"minecraft:lapis_ore":3,"minecraft:diorite":6,"minecraft:blue_bed":15,"minecraft:big_dripleaf":1,"minecraft:spruce_stairs":8,"minecraft:cobblestone_wall":10,"minecraft:stripped_spruce_wood":8,"minecraft:ice":2,"minecraft:spruce_log":89,"minecraft:coal_ore":74,"minecraft:end_rod":2,"minecraft:gravel":11,"minecraft:dripstone_block":2,"minecraft:cracked_stone_bricks":3,"minecraft:stone_bricks":32,"minecraft:mossy_stone_bricks":1,"minecraft:fern":1},"minecraft:picked_up":{"irons_spellbooks:scroll":3,"iceandfire:copper_sword":1,"minecraft:anvil":1,"minecraft:suspicious_stew":1,"gamma_beasts:fur":5,"minecraft:smithing_table":1,"minecraft:diamond_sword":3,"minecraft:potion":2,"minecraft:enchanted_book":9,"minecraft:knowledge_book":2,"minecraft:string":10,"minecraft:raw_copper":4,"irons_spellbooks:arcane_essence":9,"minecraft:gold_nugget":2,"minecraft:cobbled_deepslate":132,"minecraft:spruce_planks":204,"minecraft:azalea":2,"minecraft:melon_slice":12,"minecraft:furnace":1,"minecraft:stick":9,"minecraft:big_dripleaf":1,"minecraft:torch":48,"minecraft:spruce_stairs":8,"minecraft:porkchop":7,"minecraft:pointed_dripstone":5,"minecraft:diorite":8,"irons_spellbooks:fire_rune":2,"minecraft:brown_carpet":2,"minecraft:light_gray_bed":6,"minecraft:rotten_flesh":17,"gamma_beasts:coal_nugget":37,"minecraft:end_rod":2,"minecraft:blaze_rod":30,"irons_spellbooks:cooldown_ring":4,"minecraft:snowball":17,"minecraft:cobblestone":223,"minecraft:enchanting_table":1,"iceandfire:sapphire_gem":2,"minecraft:feather":1,"minecraft:cooked_beef":1,"minecraft:iron_door":1,"minecraft:water_bucket":1,"minecraft:andesite":21,"minecraft:smoker":1,"gamma_beasts:prehnite":29,"minecraft:potato":9,"paraglider:spirit_orb":10,"minecraft:flint":11,"minecraft:tuff":4,"minecraft:stripped_spruce_wood":8,"minecraft:wither_skeleton_skull":1,"minecraft:lapis_lazuli":29,"minecraft:dirt":340,"minecraft:lantern":6,"minecraft:purple_carpet":4,"minecraft:bone":11,"minecraft:bow":1,"minecraft:wheat_seeds":3,"minecraft:raw_gold":1,"minecraft:bell":1,"minecraft:grindstone":2,"minecraft:mossy_stone_bricks":1,"minecraft:rabbit":2,"minecraft:moss_block":14,"irons_spellbooks:frozen_bone":5,"irons_spellbooks:legendary_ink":3,"minecraft:stripped_spruce_log":10,"minecraft:cyan_bed":1,"minecraft:spectral_arrow":11,"minecraft:dark_oak_log":9,"minecraft:yellow_carpet":7,"minecraft:diamond":5,"irons_spellbooks:divine_pearl":4,"iceandfire:lectern":2,"waystones:waystone":4,"minecraft:crossbow":3,"minecraft:granite":25,"minecraft:bone_meal":1,"minecraft:golden_apple":1,"minecraft:emerald":6,"minecraft:bread":27,"minecraft:oak_sapling":13,"minecraft:oak_leaves":71,"iceandfire:raw_silver":30,"minecraft:spruce_leaves":144,"minecraft:crafting_table":14,"minecraft:clay_ball":8,"minecraft:stone_brick_wall":3,"gravestone:obituary":178,"minecraft:shield":1,"minecraft:moss_carpet":1,"minecraft:item_frame":1,"minecraft:white_carpet":3,"minecraft:cracked_stone_bricks":10,"iceandfire:bestiary":1,"minecraft:beef":23,"gamma_beasts:red_maple_log":47,"minecraft:iron_nugget":27,"minecraft:poppy":2,"minecraft:spruce_slab":5,"minecraft:sugar_cane":1,"minecraft:chest":1,"minecraft:spruce_trapdoor":1,"minecraft:egg":2,"minecraft:raw_iron":78,"iceandfire:dragonbone":18,"minecraft:stone":5,"minecraft:spruce_fence":5,"minecraft:carrot":1,"iceandfire:dragon_skull_ice":7,"iceandfire:silver_ingot":20,"minecraft:arrow":16,"minecraft:golden_hoe":1,"minecraft:gold_ingot":4,"minecraft:glow_berries":4,"minecraft:mutton":4,"minecraft:skeleton_skull":1,"minecraft:white_wool":6,"iceandfire:silver_axe":4,"minecraft:stripped_oak_log":13,"minecraft:salmon":23,"minecraft:leather":4,"minecraft:filled_map":2,"gamma_beasts:red_maple_planks":62,"minecraft:oak_log":18,"gamma_beasts:green_apple":19,"iceandfire:ectoplasm":5,"minecraft:cobblestone_wall":9,"minecraft:gunpowder":9,"minecraft:wooden_hoe":1,"minecraft:blue_bed":19,"minecraft:paper":4,"gamma_beasts:prehnite_armor_helmet":1,"irons_spellbooks:common_ink":1,"minecraft:red_carpet":2,"minecraft:apple":2,"minecraft:stone_bricks":131,"gamma_beasts:meat":7,"iceandfire:dragon_stick":3,"minecraft:rabbit_hide":1,"irons_spellbooks:blood_vial":4,"minecraft:iron_ingot":14,"weaponmaster:tutorialbook":1,"minecraft:glass_bottle":5,"minecraft:polished_andesite_slab":3,"minecraft:iron_sword":3,"minecraft:flowering_azalea":3,"minecraft:book":209,"minecraft:pumpkin":9,"minecraft:spyglass":1,"minecraft:gravel":20,"minecraft:spruce_sapling":12,"minecraft:blast_furnace":1,"minecraft:white_bed":10,"minecraft:spruce_log":206,"gamma_beasts:blackberry":85,"minecraft:spruce_door":4,"minecraft:spider_eye":1,"gamma_beasts:spruce_leaf":17,"iceandfire:silver_pickaxe":1,"gamma_beasts:prehnite_pickaxe":3,"iceandfire:dragon_flute":4,"minecraft:pumpkin_seeds":16,"tetra:geode":2,"minecraft:stone_axe":7,"minecraft:iron_helmet":1,"minecraft:coal":162,"minecraft:ender_pearl":1},"minecraft:crafted":{"minecraft:oak_planks":100,"gamma_beasts:red_maple_planks":124,"minecraft:bookshelf":21,"gamma_beasts:prehnite_armor_chestplate":1,"minecraft:cooked_mutton":1,"minecraft:hopper":4,"minecraft:chest":12,"gamma_beasts:prehnite_armor_helmet":2,"minecraft:rail":16,"iceandfire:silver_axe":2,"gamma_beasts:prehnite_armor_boots":1,"sophisticatedbackpacks:backpack":1,"minecraft:cooked_porkchop":2,"minecraft:crafting_table":5,"minecraft:spruce_planks":480,"minecraft:wooden_pickaxe":1,"minecraft:spruce_door":3,"minecraft:hopper_minecart":2,"minecraft:spruce_trapdoor":4,"minecraft:shield":2,"minecraft:stick":28,"minecraft:iron_ingot":54,"minecraft:stone_sword":1,"iceandfire:dragon_horn":1,"minecraft:shears":1,"gamma_beasts:prehnite_pickaxe":1,"iceandfire:dragon_stick":1,"iceandfire:dragon_flute":1,"minecraft:bone_meal":3,"minecraft:spruce_stairs":8,"minecraft:iron_hoe":1,"minecraft:spruce_slab":48,"minecraft:stone_pickaxe":1,"minecraft:cobblestone_wall":48,"minecraft:minecart":2,"minecraft:diamond_sword":1,"iceandfire:silver_ingot":7,"minecraft:stone_axe":1,"minecraft:air":0,"minecraft:white_wool":1,"minecraft:iron_leggings":1,"minecraft:white_bed":1,"iceandfire:silver_pickaxe":1}},"DataVersion":3465}