{"stats":{"minecraft:crafted":{"gamma_beasts:red_maple_planks":124,"minecraft:bookshelf":21,"minecraft:cooked_mutton":1,"gamma_beasts:prehnite_armor_helmet":3,"iceandfire:silver_axe":2,"gamma_beasts:prehnite_armor_boots":2,"minecraft:cooked_porkchop":2,"minecraft:spruce_door":3,"gamma_beasts:prehnite_armor_leggings":1,"iceandfire:dragon_horn":1,"gamma_beasts:prehnite_pickaxe":2,"minecraft:iron_nugget":9,"iceandfire:dragon_flute":1,"minecraft:bone_meal":507,"minecraft:spruce_stairs":8,"minecraft:spruce_slab":54,"minecraft:stone_pickaxe":1,"gamma_beasts:prehnite_axe":1,"simplyswords:iron_greathammer":1,"minecraft:warped_sign":3,"minecraft:iron_shovel":1,"minecraft:iron_leggings":1,"minecraft:white_bed":1,"iceandfire:silver_pickaxe":1,"minecraft:oak_planks":100,"minecraft:stone":4,"gamma_beasts:prehnite_armor_chestplate":2,"minecraft:warped_planks":52,"minecraft:hopper":6,"minecraft:chest":18,"minecraft:rail":16,"minecraft:stone_bricks":4,"sophisticatedbackpacks:backpack":1,"minecraft:crafting_table":7,"minecraft:spruce_planks":768,"minecraft:wooden_pickaxe":1,"minecraft:baked_potato":156,"minecraft:iron_helmet":1,"minecraft:hopper_minecart":2,"minecraft:spruce_trapdoor":4,"minecraft:shield":5,"minecraft:warped_fence_gate":1,"minecraft:stick":76,"minecraft:iron_ingot":73,"minecraft:stone_sword":1,"minecraft:shears":1,"iceandfire:dragon_stick":1,"minecraft:furnace":2,"minecraft:warped_fence":3,"minecraft:iron_hoe":1,"minecraft:cobblestone_wall":54,"minecraft:minecart":2,"minecraft:cooked_beef":8,"minecraft:diamond_sword":1,"iceandfire:silver_ingot":7,"minecraft:cooked_salmon":36,"minecraft:bucket":1,"minecraft:stone_axe":1,"minecraft:air":0,"minecraft:white_wool":1},"minecraft:killed":{"minecraft:skeleton":17,"enemyexpansion:vampflyer":1,"minecraft:magma_cube":15,"minecraft:salmon":90,"minecraft:iron_golem":1,"minecraft:pillager":2,"enemyexpansion:meature":2,"minecraft:zombie":37,"enemyexpansion:vampire":1,"gamma_beasts:spider_a":1,"enemyexpansion:botfly":25,"minecraft:cow":10,"enemyexpansion:trollenraged":1,"minecraft:evoker":3,"minecraft:vindicator":3,"minecraft:husk":2,"mythicmounts:firebird":1,"minecraft:rabbit":2,"enemyexpansion:sprinter":3,"iceandfire:ghost":4,"minecraft:enderman":8,"minecraft:witch":2,"irons_spellbooks:pyromancer":1,"minecraft:spider":7,"minecraft:silverfish":8,"minecraft:illusioner":3,"irons_spellbooks:summoned_skeleton":2,"minecraft:piglin_brute":37,"minecraft:piglin":1,"minecraft:pig":8,"irons_spellbooks:necromancer":2,"minecraft:creeper":9,"minecraft:sheep":6,"minecraft:stray":6,"gamma_beasts:sppinto_c":3,"minecraft:vex":5,"irons_spellbooks:summoned_zombie":7,"enemyexpansion:direwolf":7,"gamma_beasts:spider_c":1,"minecraft:drowned":1,"enemyexpansion:crawler":1,"mythicmounts:netherbat":1,"enemyexpansion:huntsman":2,"minecraft:villager":1,"enemyexpansion:slugger":4},"minecraft:mined":{"minecraft:white_bed":10,"gamma_beasts:spider_egg":6,"minecraft:obsidian":5,"minecraft:granite":61,"minecraft:stone_brick_wall":2,"minecraft:yellow_carpet":1,"minecraft:light_gray_bed":4,"minecraft:hopper":1,"minecraft:spawner":2,"minecraft:cobbled_deepslate":2,"minecraft:pumpkin":9,"minecraft:deepslate_lapis_ore":2,"minecraft:nether_brick_stairs":2,"minecraft:enchanting_table":1,"minecraft:cave_vines":4,"minecraft:dirt_path":6,"minecraft:small_amethyst_bud":4,"minecraft:brown_mushroom":1,"minecraft:smoker":1,"minecraft:amethyst_cluster":1,"minecraft:torch":3,"minecraft:blast_furnace":1,"minecraft:melon":6,"minecraft:cyan_bed":4,"minecraft:amethyst_block":2,"minecraft:skeleton_skull":1,"minecraft:grass":5,"minecraft:red_mushroom_block":1,"minecraft:deepslate":126,"iceandfire:silver_ore":37,"minecraft:mossy_cobblestone":1,"tetra:block_geode":1,"minecraft:dark_oak_log":6,"minecraft:nether_bricks":1,"minecraft:spruce_fence":5,"minecraft:moss_block":8,"minecraft:snow":1,"minecraft:andesite":56,"minecraft:potatoes":6,"minecraft:vine":3,"minecraft:rail":1,"minecraft:warped_stem":15,"minecraft:bone_block":57,"minecraft:smithing_table":3,"minecraft:emerald_ore":2,"minecraft:warped_roots":5,"minecraft:tall_grass":4,"minecraft:copper_ore":4,"minecraft:deepslate_gold_ore":1,"minecraft:diorite":21,"minecraft:big_dripleaf":1,"minecraft:warped_wart_block":1,"minecraft:stripped_spruce_wood":8,"minecraft:cobblestone_wall":12,"minecraft:spruce_log":170,"minecraft:gravel":14,"minecraft:dripstone_block":2,"minecraft:cobweb":62,"minecraft:stone_bricks":36,"minecraft:fern":3,"minecraft:large_amethyst_bud":1,"minecraft:spruce_planks":157,"minecraft:farmland":1,"minecraft:cave_vines_plant":1,"minecraft:grass_block":46,"iceandfire:lectern":2,"minecraft:iron_ore":113,"minecraft:anvil":1,"minecraft:flowering_azalea_leaves":3,"minecraft:iron_bars":4,"minecraft:azalea_leaves":1,"minecraft:azalea":1,"minecraft:spruce_slab":15,"minecraft:deepslate_redstone_ore":1,"gamma_beasts:red_maple_planks":2,"tetra:scroll_rolled":5,"minecraft:medium_amethyst_bud":1,"minecraft:clay":2,"minecraft:chest":7,"minecraft:nether_quartz_ore":16,"minecraft:cobblestone":48,"minecraft:grindstone":1,"minecraft:oak_planks":9,"minecraft:iron_door":1,"minecraft:wall_torch":13,"minecraft:warped_nylium":2,"minecraft:oak_log":12,"minecraft:sand":67,"minecraft:dirt":40,"minecraft:wither_skeleton_skull":1,"minecraft:netherrack":30,"gamma_beasts:red_maple_log":32,"minecraft:oak_leaves":138,"minecraft:nether_gold_ore":9,"minecraft:tuff":5,"minecraft:deepslate_diamond_ore":5,"minecraft:candle":1,"gamma_beasts:roblo_hoja":7,"gravestone:gravestone":102,"minecraft:decorated_pot":1,"minecraft:polished_andesite_slab":2,"minecraft:spruce_leaves":189,"minecraft:sandstone":1,"minecraft:furnace":3,"gamma_beasts:prehnite_ore":72,"minecraft:stripped_spruce_log":9,"minecraft:gold_block":1,"minecraft:bell":2,"minecraft:bookshelf":20,"minecraft:deepslate_iron_ore":6,"minecraft:stripped_oak_log":13,"minecraft:packed_ice":13,"minecraft:stone":527,"gamma_beasts:abeto_hoja":40,"minecraft:flowering_azalea":1,"minecraft:infested_stone_bricks":1,"minecraft:basalt":2,"minecraft:spruce_door":4,"minecraft:crafting_table":21,"gamma_beasts:abeto_hoja_1":25,"minecraft:lapis_ore":5,"minecraft:blue_bed":15,"minecraft:spruce_stairs":8,"minecraft:ice":260,"gamma_beasts:thin_oak_log":1,"minecraft:coal_ore":120,"minecraft:end_rod":2,"minecraft:cracked_stone_bricks":3,"minecraft:mossy_stone_bricks":1},"minecraft:killed_by":{"minecraft:magma_cube":1,"minecraft:vex":1,"minecraft:husk":1,"iceandfire:ice_dragon":1,"minecraft:player":2},"minecraft:picked_up":{"gamma_beasts:thin_oak_log":1,"minecraft:iron_chestplate":1,"iceandfire:copper_sword":1,"minecraft:anvil":1,"minecraft:suspicious_stew":1,"irons_spellbooks:affinity_ring":1,"minecraft:smithing_table":3,"minecraft:diamond_sword":4,"minecraft:enchanted_book":9,"minecraft:knowledge_book":2,"minecraft:amethyst_block":2,"minecraft:string":68,"minecraft:cooked_salmon":4,"minecraft:gold_nugget":39,"minecraft:cobbled_deepslate":139,"bosses_of_mass_destruction:soul_star":1,"minecraft:spruce_planks":233,"minecraft:melon_slice":12,"minecraft:big_dripleaf":1,"irons_spellbooks:fire_rune":2,"minecraft:brown_carpet":2,"minecraft:light_gray_bed":6,"gamma_beasts:coal_nugget":50,"minecraft:end_rod":2,"minecraft:netherite_chestplate":4,"minecraft:blaze_rod":30,"minecraft:iron_bars":4,"minecraft:snowball":31,"iceandfire:sapphire_gem":2,"minecraft:feather":1,"minecraft:cooked_beef":1,"minecraft:water_bucket":1,"minecraft:iron_door":1,"minecraft:smoker":1,"minecraft:flint":11,"minecraft:stripped_spruce_wood":8,"minecraft:lantern":6,"tetra:scroll_rolled":5,"minecraft:purple_carpet":4,"minecraft:rabbit":2,"minecraft:moss_block":14,"irons_spellbooks:legendary_ink":3,"minecraft:warped_wart_block":2,"minecraft:stripped_spruce_log":11,"minecraft:fermented_spider_eye":1,"minecraft:dark_oak_log":9,"minecraft:red_terracotta":3,"iceandfire:lectern":2,"minecraft:granite":77,"minecraft:bread":27,"iceandfire:raw_silver":44,"minecraft:spruce_leaves":144,"minecraft:crafting_table":21,"minecraft:clay_ball":8,"gravestone:obituary":184,"minecraft:white_carpet":3,"minecraft:cracked_stone_bricks":10,"iceandfire:bestiary":1,"minecraft:beef":31,"gamma_beasts:red_maple_log":47,"minecraft:iron_nugget":27,"minecraft:poppy":3,"minecraft:spruce_slab":20,"minecraft:chest":7,"minecraft:egg":2,"minecraft:sandstone":1,"minecraft:stone":5,"sophisticatedbackpacks:backpack":2,"minecraft:spruce_fence":5,"minecraft:carrot":1,"minecraft:redstone":5,"minecraft:netherite_pickaxe":2,"iceandfire:dragon_skull_ice":8,"minecraft:gold_ingot":4,"minecraft:mutton":11,"minecraft:glow_berries":4,"minecraft:white_wool":13,"minecraft:bone_block":56,"minecraft:rail":5,"minecraft:stripped_oak_log":13,"minecraft:filled_map":2,"gamma_beasts:red_maple_planks":62,"minecraft:oak_log":19,"minecraft:blue_bed":19,"minecraft:paper":4,"minecraft:apple":2,"minecraft:stone_bricks":136,"gamma_beasts:meat":7,"minecraft:warped_stem":15,"irons_spellbooks:blood_vial":4,"weaponmaster:tutorialbook":1,"minecraft:glass_bottle":5,"minecraft:iron_sword":3,"minecraft:flowering_azalea":3,"minecraft:spyglass":1,"minecraft:gravel":23,"minecraft:spruce_sapling":15,"minecraft:spruce_log":345,"gamma_beasts:prehnite_pickaxe":3,"iceandfire:dragon_flute":4,"tetra:geode":2,"minecraft:stone_axe":7,"iceandfire:ice_dragon_flesh":2,"minecraft:warped_roots":16,"minecraft:baked_potato":1,"minecraft:hopper":3,"minecraft:ender_pearl":7,"irons_spellbooks:scroll":3,"gamma_beasts:fur":5,"minecraft:potion":3,"minecraft:stone_brick_stairs":6,"minecraft:raw_copper":4,"irons_spellbooks:arcane_essence":9,"minecraft:azalea":2,"minecraft:furnace":3,"iceandfire:pixie_dust":1,"minecraft:tipped_arrow":4,"minecraft:stick":19,"minecraft:torch":57,"minecraft:spruce_stairs":8,"minecraft:porkchop":13,"minecraft:pointed_dripstone":5,"minecraft:diorite":29,"minecraft:rotten_flesh":59,"minecraft:obsidian":5,"irons_spellbooks:cooldown_ring":4,"minecraft:cobblestone":669,"minecraft:enchanting_table":1,"minecraft:magma_cream":1,"minecraft:andesite":70,"minecraft:golden_leggings":9,"gamma_beasts:prehnite":76,"minecraft:potato":19,"paraglider:spirit_orb":10,"minecraft:tuff":4,"minecraft:wither_skeleton_skull":1,"minecraft:dirt":380,"minecraft:lapis_lazuli":40,"minecraft:bone":38,"minecraft:bow":1,"minecraft:wheat_seeds":5,"minecraft:raw_gold":1,"minecraft:bell":2,"minecraft:grindstone":2,"minecraft:mossy_stone_bricks":1,"minecraft:oak_planks":7,"irons_spellbooks:frozen_bone":15,"minecraft:sand":68,"minecraft:nether_brick_stairs":3,"minecraft:cyan_bed":5,"minecraft:spectral_arrow":11,"minecraft:yellow_carpet":7,"minecraft:diamond":5,"minecraft:spruce_boat":7,"irons_spellbooks:divine_pearl":4,"waystones:waystone":4,"minecraft:crossbow":3,"minecraft:bone_meal":3,"minecraft:golden_apple":1,"minecraft:emerald":8,"minecraft:netherrack":33,"minecraft:oak_sapling":13,"minecraft:chorus_fruit":3,"minecraft:oak_leaves":71,"minecraft:brown_mushroom":1,"minecraft:wooden_pickaxe":1,"minecraft:stone_brick_wall":3,"minecraft:gold_block":1,"iceandfire:frozen_cobblestone":1,"minecraft:shield":1,"minecraft:moss_carpet":1,"minecraft:iron_axe":1,"minecraft:item_frame":2,"minecraft:cyan_carpet":17,"minecraft:candle":3,"minecraft:sugar_cane":1,"minecraft:spruce_trapdoor":1,"iceandfire:ice_dragon_heart":1,"minecraft:raw_iron":138,"iceandfire:dragonbone":30,"iceandfire:silver_ingot":20,"minecraft:arrow":36,"minecraft:golden_hoe":1,"minecraft:nether_bricks":5,"minecraft:skeleton_skull":1,"iceandfire:silver_axe":7,"minecraft:netherite_boots":6,"minecraft:basalt":2,"minecraft:salmon":93,"minecraft:leather":6,"gamma_beasts:green_apple":22,"iceandfire:ectoplasm":6,"minecraft:gunpowder":31,"minecraft:cobblestone_wall":11,"gamma_beasts:prehnite_armor_boots":1,"minecraft:wooden_hoe":1,"irons_spellbooks:common_ink":1,"gamma_beasts:prehnite_armor_helmet":1,"minecraft:red_carpet":2,"minecraft:gray_carpet":18,"iceandfire:dragon_stick":3,"minecraft:rabbit_hide":1,"minecraft:iron_ingot":22,"minecraft:polished_andesite_slab":3,"minecraft:book":209,"minecraft:pumpkin":9,"minecraft:quartz":16,"minecraft:amethyst_shard":2,"minecraft:blast_furnace":1,"minecraft:white_bed":10,"gamma_beasts:blackberry":130,"minecraft:spruce_door":4,"minecraft:spider_eye":5,"gamma_beasts:spruce_leaf":18,"iceandfire:silver_pickaxe":1,"minecraft:pumpkin_seeds":16,"minecraft:iron_helmet":1,"minecraft:coal":210},"minecraft:broken":{"minecraft:stone_sword":1,"minecraft:shield":3,"gamma_beasts:prehnite_armor_helmet":2,"minecraft:wooden_hoe":1,"iceandfire:silver_axe":1,"minecraft:netherite_boots":2,"iceandfire:silver_pickaxe":1,"minecraft:golden_leggings":2,"gamma_beasts:prehnite_pickaxe":1,"gamma_beasts:prehnite_armor_boots":1},"minecraft:dropped":{"minecraft:iron_sword":5,"iceandfire:raw_silver":7,"minecraft:porkchop":1,"minecraft:lapis_lazuli":8,"minecraft:glass_bottle":6,"minecraft:diamond":3,"minecraft:crossbow":2,"minecraft:warped_roots":7,"iceandfire:ectoplasm":5,"minecraft:cracked_stone_bricks":9,"minecraft:rail":16,"minecraft:item_frame":2,"minecraft:emerald":1,"minecraft:dirt":9,"irons_spellbooks:silver_ring":1,"minecraft:netherite_boots":4,"gamma_beasts:prehnite_armor_boots":1,"minecraft:gold_nugget":2,"minecraft:sand":3,"minecraft:iron_pickaxe":1,"minecraft:white_wool":4,"minecraft:blue_bed":2,"minecraft:cyan_carpet":17,"minecraft:bone":8,"minecraft:stone_axe":7,"minecraft:sugar_cane":1,"minecraft:iron_nugget":60,"minecraft:polished_andesite_slab":3,"minecraft:cobbled_deepslate":75,"minecraft:wheat":11,"minecraft:obsidian":3,"minecraft:rotten_flesh":25,"minecraft:grindstone":2,"minecraft:oak_planks":13,"minecraft:warped_sign":3,"minecraft:white_bed":2,"bosses_of_mass_destruction:soul_star":1,"iceandfire:sapphire_gem":1,"minecraft:tipped_arrow":1,"minecraft:hopper":2,"irons_spellbooks:cooldown_ring":2,"iceandfire:bestiary":2,"minecraft:beef":8,"minecraft:warped_wart_block":1,"minecraft:stone_brick_stairs":6,"iceandfire:manuscript":1,"minecraft:enchanted_book":3,"minecraft:iron_ingot":17,"minecraft:netherite_pickaxe":1,"irons_spellbooks:divine_pearl":2,"minecraft:wheat_seeds":3,"minecraft:netherite_chestplate":6,"minecraft:knowledge_book":2,"minecraft:iron_helmet":3,"minecraft:feather":1,"minecraft:cobblestone":186,"minecraft:book":132,"iceandfire:dragon_stick":2,"minecraft:granite":47,"minecraft:yellow_carpet":3,"minecraft:golden_apple":2,"minecraft:potion":1,"irons_spellbooks:blood_vial":8,"minecraft:golden_hoe":2,"minecraft:paper":4,"minecraft:string":11,"minecraft:gray_carpet":17,"minecraft:spruce_sapling":6,"minecraft:furnace":1,"minecraft:moss_carpet":1,"minecraft:cobblestone_wall":3,"minecraft:bowl":3,"tetra:geode":2,"minecraft:white_carpet":3,"iceandfire:dragon_skull_ice":1,"minecraft:nether_bricks":1,"gamma_beasts:blackberry":5,"minecraft:diamond_sword":3,"minecraft:big_dripleaf":1,"minecraft:stone":4,"minecraft:spruce_trapdoor":4,"minecraft:spruce_planks":56,"iceandfire:silver_ingot":1,"minecraft:spider_eye":4,"iceandfire:lectern":2,"minecraft:stone_bricks":48,"minecraft:brown_carpet":2,"minecraft:sandstone":1,"minecraft:bow":1,"waystones:waystone":2,"minecraft:nether_brick_stairs":3,"minecraft:moss_block":12,"minecraft:brown_mushroom":1,"minecraft:oak_log":7,"iceandfire:silver_axe":5,"minecraft:baked_potato":5,"minecraft:ender_pearl":3,"minecraft:lantern":4,"gamma_beasts:prehnite":4,"minecraft:honeycomb":1,"paraglider:spirit_orb":2,"minecraft:flint":12,"minecraft:dark_oak_log":9,"minecraft:mutton":2,"iceandfire:armor_silver_metal_leggings":1,"minecraft:warped_fence_gate":1,"minecraft:snowball":1,"gravestone:obituary":201,"minecraft:amethyst_shard":4,"minecraft:glistering_melon_slice":2,"minecraft:gold_ingot":4,"minecraft:gravel":16,"minecraft:spyglass":2,"minecraft:pointed_dripstone":5,"gamma_beasts:thin_oak_log":1,"minecraft:poppy":3,"minecraft:rabbit_hide":1,"minecraft:gunpowder":14,"iceandfire:pixie_dust":1,"minecraft:azalea":2,"minecraft:iron_bars":4,"minecraft:arrow":16,"gamma_beasts:fur":5,"minecraft:netherrack":1,"iceandfire:silver_pickaxe":1,"minecraft:purple_carpet":4,"minecraft:bread":16,"irons_spellbooks:legendary_ink":1,"weaponmaster:tutorialbook":1,"gamma_beasts:coal_nugget":16,"minecraft:spectral_arrow":11,"minecraft:hopper_minecart":2,"gamma_beasts:prehnite_pickaxe":2,"iceandfire:dragon_flute":2,"minecraft:stick":24,"irons_spellbooks:scroll":2,"gamma_beasts:red_maple_planks":57,"minecraft:diorite":29,"gamma_beasts:spruce_leaf":17,"minecraft:melon_slice":1,"iceandfire:armor_silver_metal_chestplate":1,"minecraft:iron_leggings":1,"irons_spellbooks:common_ink":2,"minecraft:flowering_azalea":3,"minecraft:iron_axe":1,"irons_spellbooks:frozen_bone":6,"minecraft:redstone":5,"minecraft:oak_trapdoor":1,"minecraft:blaze_rod":8,"minecraft:raw_copper":4,"minecraft:tuff":4,"minecraft:raw_iron":20,"gamma_beasts:green_apple":7,"minecraft:red_terracotta":3,"minecraft:filled_map":2,"minecraft:shield":2,"iceandfire:copper_sword":2,"minecraft:iron_chestplate":1,"minecraft:andesite":62,"minecraft:mossy_stone_bricks":1,"minecraft:golden_leggings":7,"minecraft:oak_sapling":2,"minecraft:spruce_log":61,"minecraft:wooden_pickaxe":2,"minecraft:magma_cream":1},"minecraft:used":{"minecraft:moss_block":2,"minecraft:spruce_slab":40,"iceandfire:dragon_skull_ice":1,"minecraft:chest":16,"minecraft:rotten_flesh":8,"gamma_beasts:prehnite_pickaxe":485,"minecraft:snowball":16,"minecraft:stripped_spruce_log":1,"minecraft:spruce_boat":5,"minecraft:lava_bucket":1,"gamma_beasts:red_maple_planks":14,"minecraft:furnace":3,"minecraft:egg":2,"minecraft:potato":31,"minecraft:spruce_door":5,"minecraft:chorus_fruit":3,"minecraft:wooden_pickaxe":30,"minecraft:oak_leaves":71,"minecraft:golden_apple":3,"minecraft:glow_berries":13,"minecraft:sand":65,"gamma_beasts:prehnite_axe":122,"minecraft:blast_furnace":1,"gamma_beasts:prehnite_armor_helmet":1,"gamma_beasts:blackberry":113,"iceandfire:silver_pickaxe":389,"minecraft:diamond_sword":1135,"minecraft:smithing_table":2,"minecraft:enchanting_table":1,"minecraft:stone_sword":122,"minecraft:cooked_salmon":40,"minecraft:netherrack":27,"minecraft:torch":50,"minecraft:warped_wart_block":1,"minecraft:anvil":1,"tetra:scroll_rolled":5,"gamma_beasts:red_maple_log":1,"minecraft:totem_of_undying":1,"minecraft:beef":11,"minecraft:cobbled_deepslate":67,"minecraft:knowledge_book":1,"minecraft:water_bucket":45,"minecraft:rabbit":2,"minecraft:bundle":1,"minecraft:salmon":37,"minecraft:crafting_table":27,"minecraft:white_bed":8,"minecraft:cod":2,"minecraft:spruce_log":104,"minecraft:suspicious_stew":2,"minecraft:iron_pickaxe":124,"minecraft:cobblestone":406,"minecraft:potion":4,"minecraft:cooked_porkchop":2,"minecraft:porkchop":7,"gamma_beasts:meat":7,"minecraft:iron_shovel":66,"minecraft:shield":186,"minecraft:iron_sword":18,"minecraft:bell":2,"minecraft:spruce_leaves":2,"minecraft:mutton":5,"minecraft:nether_bricks":4,"minecraft:carrot":7,"minecraft:obsidian":2,"minecraft:iron_helmet":2,"minecraft:stone_bricks":8,"minecraft:stone_pickaxe":5,"minecraft:oak_planks":6,"minecraft:blue_bed":16,"minecraft:crossbow":2,"iceandfire:silver_axe":524,"minecraft:shears":223,"simplyswords:iron_greathammer":3,"minecraft:cyan_bed":3,"minecraft:bread":16,"minecraft:melon_slice":11,"iceandfire:ice_dragon_flesh":2,"minecraft:iron_door":1,"minecraft:gravel":9,"minecraft:andesite":1,"minecraft:bone_meal":4,"minecraft:spruce_planks":626,"gamma_beasts:green_apple":15,"minecraft:dirt":58,"minecraft:hopper":5,"minecraft:spruce_stairs":15,"minecraft:cobblestone_wall":46,"minecraft:granite":21,"minecraft:iron_hoe":99,"minecraft:bookshelf":21,"minecraft:netherite_pickaxe":699,"minecraft:cooked_beef":12,"minecraft:light_gray_bed":5,"minecraft:beetroot_soup":1,"minecraft:cooked_mutton":1,"minecraft:baked_potato":95,"minecraft:smoker":1,"minecraft:wooden_hoe":36,"minecraft:apple":1,"minecraft:stone_axe":118,"minecraft:bucket":47},"minecraft:custom":{"minecraft:interact_with_crafting_table":115,"minecraft:open_barrel":19,"minecraft:bell_ring":77,"minecraft:eat_cake_slice":3,"minecraft:leave_game":8,"minecraft:time_since_death":19126,"minecraft:damage_blocked_by_shield":9112,"minecraft:play_time":875377,"minecraft:deaths":116,"minecraft:jump":14952,"minecraft:interact_with_furnace":58,"minecraft:sleep_in_bed":34,"minecraft:waystone_activated":3,"minecraft:damage_dealt":61379,"minecraft:interact_with_smoker":29,"minecraft:inspect_dispenser":2,"minecraft:interact_with_smithing_table":6,"minecraft:interact_with_anvil":12,"minecraft:inspect_hopper":2,"minecraft:damage_dealt_absorbed":81,"minecraft:sneak_time":90589,"minecraft:interact_with_blast_furnace":19,"minecraft:total_world_time":875377,"minecraft:interact_with_stonecutter":4,"minecraft:time_since_rest":19149,"minecraft:swim_one_cm":419796,"minecraft:fly_one_cm":2972911,"minecraft:open_chest":191,"minecraft:fall_one_cm":473529,"minecraft:damage_resisted":2361,"minecraft:sprint_one_cm":2237423,"minecraft:drop":953,"minecraft:talked_to_villager":10,"minecraft:interact_with_brewingstand":1,"minecraft:walk_on_water_one_cm":126649,"minecraft:crouch_one_cm":257076,"minecraft:mob_kills":372,"minecraft:damage_dealt_resisted":120,"minecraft:climb_one_cm":12140,"minecraft:walk_one_cm":2710056,"minecraft:walk_under_water_one_cm":158154,"minecraft:boat_one_cm":79309,"minecraft:damage_taken":47536,"minecraft:damage_absorbed":79,"minecraft:trigger_trapped_chest":1}},"DataVersion":3465}